This is LuaHBTeX, Version 1.18.0 (TeX Live 2024)  (format=lualatex 2025.2.5)  17 JUL 2025 02:10
 restricted system commands enabled.
**/research_jude/rgs01_jude/dept/DNB/core_operations/Bioinformatics/dyergrp/Chr
oni_A/Patel_etal_3D2D/analyses/rshiny-app-cclf-cell-lines/plots/03-cluster-cell
-calling/RMS/Report-cluster-cell-calling-default_multiple-2025-07-16.tex

(/research_jude/rgs01_jude/dept/DNB/core_operations/Bioinformatics/dyergrp/Chro
ni_A/Patel_etal_3D2D/analyses/rshiny-app-cclf-cell-lines/plots/03-cluster-cell-
calling/RMS/Report-cluster-cell-calling-default_multiple-2025-07-16.tex
LaTeX2e <2024-11-01> patch level 2
L3 programming layer <2025-01-18>
Lua module: luaotfload 2024-02-14 v3.28 Lua based OpenType font support
Lua module: lualibs 2023-07-13 v2.76 ConTeXt Lua standard libraries.
Lua module: lualibs-extended 2023-07-13 v2.76 ConTeXt Lua libraries -- extended 
collection.
luaotfload | conf : Root cache directory is "/home/achroni/.texlive2024/texmf-va
r/luatex-cache/generic/names".
luaotfload | init : Loading fontloader "fontloader-2023-12-28.lua" from kpse-res
olved path "/usr/local/texlive/2024/texmf-dist/tex/luatex/luaotfload/fontloader-
2023-12-28.lua".
Lua-only attribute luaotfload@noligature = 1
luaotfload | init : Context OpenType loader version 3.134
Inserting `luaotfload.node_processor' in `pre_linebreak_filter'.
Inserting `luaotfload.node_processor' in `hpack_filter'.
Inserting `luaotfload.glyph_stream' in `glyph_stream_provider'.
Inserting `luaotfload.define_font' in `define_font'.
Lua-only attribute luaotfload_color_attribute = 2
luaotfload | conf : Root cache directory is "/home/achroni/.texlive2024/texmf-va
r/luatex-cache/generic/names".
Inserting `luaotfload.harf.strip_prefix' in `find_opentype_file'.
Inserting `luaotfload.harf.strip_prefix' in `find_truetype_file'.
Removing  `luaotfload.glyph_stream' from `glyph_stream_provider'.
Inserting `luaotfload.harf.glyphstream' in `glyph_stream_provider'.
Inserting `luaotfload.harf.finalize_vlist' in `post_linebreak_filter'.
Inserting `luaotfload.harf.finalize_hlist' in `hpack_filter'.
Inserting `luaotfload.cleanup_files' in `wrapup_run'.
Inserting `luaotfload.harf.finalize_unicode' in `finish_pdffile'.
Inserting `luaotfload.glyphinfo' in `glyph_info'.
Lua-only attribute luaotfload.letterspace_done = 3
Inserting `luaotfload.aux.set_sscale_dimens' in `luaotfload.patch_font'.
Inserting `luaotfload.aux.set_font_index' in `luaotfload.patch_font'.
Inserting `luaotfload.aux.patch_cambria_domh' in `luaotfload.patch_font'.
Inserting `luaotfload.aux.fixup_fontdata' in `luaotfload.patch_font_unsafe'.
Inserting `luaotfload.aux.set_capheight' in `luaotfload.patch_font'.
Inserting `luaotfload.aux.set_xheight' in `luaotfload.patch_font'.
Inserting `luaotfload.rewrite_fontname' in `luaotfload.patch_font'.
Inserting `tracingstacklevels' in `input_level_string'. (/usr/local/texlive/202
4/texmf-dist/tex/latex/base/article.cls
Document Class: article 2024/06/29 v1.4n Standard LaTeX document class
(/usr/local/texlive/2024/texmf-dist/tex/latex/base/size11.clo
File: size11.clo 2024/06/29 v1.4n Standard LaTeX file (size option)
luaotfload | db : Font names database loaded from /home/achroni/.texlive2024/tex
mf-var/luatex-cache/generic/names/luaotfload-names.luc.gz)
\c@part=\count194
\c@section=\count195
\c@subsection=\count196
\c@subsubsection=\count197
\c@paragraph=\count198
\c@subparagraph=\count199
\c@figure=\count266
\c@table=\count267
\abovecaptionskip=\skip49
\belowcaptionskip=\skip50
\bibindent=\dimen140
) (/usr/local/texlive/2024/texmf-dist/tex/latex/amsmath/amsmath.sty
Package: amsmath 2024/11/05 v2.17t AMS math features
\@mathmargin=\skip51
For additional information on amsmath, use the `?' option.
(/usr/local/texlive/2024/texmf-dist/tex/latex/amsmath/amstext.sty
Package: amstext 2021/08/26 v2.01 AMS text
(/usr/local/texlive/2024/texmf-dist/tex/latex/amsmath/amsgen.sty
File: amsgen.sty 1999/11/30 v2.0 generic functions
\@emptytoks=\toks17
\ex@=\dimen141
)) (/usr/local/texlive/2024/texmf-dist/tex/latex/amsmath/amsbsy.sty
Package: amsbsy 1999/11/29 v1.2d Bold Symbols
\pmbraise@=\dimen142
) (/usr/local/texlive/2024/texmf-dist/tex/latex/amsmath/amsopn.sty
Package: amsopn 2022/04/08 v2.04 operator names
)
\inf@bad=\count268
LaTeX Info: Redefining \frac on input line 235.
\uproot@=\count269
\leftroot@=\count270
LaTeX Info: Redefining \overline on input line 398.
LaTeX Info: Redefining \colon on input line 409.
\classnum@=\count271
\DOTSCASE@=\count272
LaTeX Info: Redefining \ldots on input line 495.
LaTeX Info: Redefining \dots on input line 498.
LaTeX Info: Redefining \cdots on input line 619.
\Mathstrutbox@=\box52
\strutbox@=\box53
LaTeX Info: Redefining \big on input line 721.
LaTeX Info: Redefining \Big on input line 722.
LaTeX Info: Redefining \bigg on input line 723.
LaTeX Info: Redefining \Bigg on input line 724.
\big@size=\dimen143
LaTeX Font Info:    Redeclaring font encoding OML on input line 742.
LaTeX Font Info:    Redeclaring font encoding OMS on input line 743.
\macc@depth=\count273
LaTeX Info: Redefining \bmod on input line 904.
LaTeX Info: Redefining \pmod on input line 909.
LaTeX Info: Redefining \smash on input line 939.
LaTeX Info: Redefining \relbar on input line 969.
LaTeX Info: Redefining \Relbar on input line 970.
\c@MaxMatrixCols=\count274
\dotsspace@=\muskip17
\c@parentequation=\count275
\dspbrk@lvl=\count276
\tag@help=\toks18
\row@=\count277
\column@=\count278
\maxfields@=\count279
\andhelp@=\toks19
\eqnshift@=\dimen144
\alignsep@=\dimen145
\tagshift@=\dimen146
\tagwidth@=\dimen147
\totwidth@=\dimen148
\lineht@=\dimen149
\@envbody=\toks20
\multlinegap=\skip52
\multlinetaggap=\skip53
\mathdisplay@stack=\toks21
LaTeX Info: Redefining \[ on input line 2953.
LaTeX Info: Redefining \] on input line 2954.
) (/usr/local/texlive/2024/texmf-dist/tex/latex/amsfonts/amssymb.sty
Package: amssymb 2013/01/14 v3.01 AMS font symbols
(/usr/local/texlive/2024/texmf-dist/tex/latex/amsfonts/amsfonts.sty
Package: amsfonts 2013/01/14 v3.01 Basic AMSFonts support
\symAMSa=\mathgroup4
\symAMSb=\mathgroup5
LaTeX Font Info:    Redeclaring math symbol \hbar on input line 98.
LaTeX Font Info:    Overwriting math alphabet `\mathfrak' in version `bold'
(Font)                  U/euf/m/n --> U/euf/b/n on input line 106.
)) (/usr/local/texlive/2024/texmf-dist/tex/generic/iftex/iftex.sty
Package: iftex 2024/12/12 v1.0g TeX engine tests
) (/usr/local/texlive/2024/texmf-dist/tex/latex/unicode-math/unicode-math.sty (/usr/local/texlive/2024/texmf-dist/tex/latex/l3kernel/expl3.sty
Package: expl3 2025-01-18 L3 programming layer (loader) 
(/usr/local/texlive/2024/texmf-dist/tex/latex/l3backend/l3backend-luatex.def
File: l3backend-luatex.def 2024-05-08 L3 backend support: PDF output (LuaTeX)
\l__color_backend_stack_int=\count280
Inserting `l3color' in `luaotfload.parse_color'.
\l__pdf_internal_box=\box54
))
Package: unicode-math 2023/08/13 v0.8r Unicode maths in XeLaTeX and LuaLaTeX

(/usr/local/texlive/2024/texmf-dist/tex/latex/unicode-math/unicode-math-luatex.
sty
Package: unicode-math-luatex 2023/08/13 v0.8r Unicode maths in XeLaTeX and LuaL
aTeX
(/usr/local/texlive/2024/texmf-dist/tex/latex/l3packages/xparse/xparse.sty
Package: xparse 2024-08-16 L3 Experimental document command parser
) (/usr/local/texlive/2024/texmf-dist/tex/latex/l3packages/l3keys2e/l3keys2e.st
y
Package: l3keys2e 2024-08-16 LaTeX2e option processing using LaTeX3 keys
) (/usr/local/texlive/2024/texmf-dist/tex/latex/fontspec/fontspec.sty
Package: fontspec 2024/05/11 v2.9e Font selection for XeLaTeX and LuaLaTeX
Lua module: fontspec 2024/05/11 v2.9e Font selection for XeLaTeX and LuaLaTeX (/usr/local/texlive/2024/texmf-dist/tex/latex/fontspec/fontspec-luatex.sty
Package: fontspec-luatex 2024/05/11 v2.9e Font selection for XeLaTeX and LuaLaT
eX
\l__fontspec_script_int=\count281
\l__fontspec_language_int=\count282
\l__fontspec_strnum_int=\count283
\l__fontspec_tmp_int=\count284
\l__fontspec_tmpa_int=\count285
\l__fontspec_tmpb_int=\count286
\l__fontspec_tmpc_int=\count287
\l__fontspec_em_int=\count288
\l__fontspec_emdef_int=\count289
\l__fontspec_strong_int=\count290
\l__fontspec_strongdef_int=\count291
\l__fontspec_tmpa_dim=\dimen150
\l__fontspec_tmpb_dim=\dimen151
\l__fontspec_tmpc_dim=\dimen152
(/usr/local/texlive/2024/texmf-dist/tex/latex/base/fontenc.sty
Package: fontenc 2021/04/29 v2.0v Standard LaTeX package
) (/usr/local/texlive/2024/texmf-dist/tex/latex/fontspec/fontspec.cfg))) (/usr/
local/texlive/2024/texmf-dist/tex/latex/base/fix-cm.sty
Package: fix-cm 2020/11/24 v1.1t fixes to LaTeX
(/usr/local/texlive/2024/texmf-dist/tex/latex/base/ts1enc.def
File: ts1enc.def 2001/06/05 v3.0e (jk/car/fm) Standard LaTeX file
LaTeX Font Info:    Redeclaring font encoding TS1 on input line 47.
))
(/usr/local/texlive/2024/texmf-dist/tex/lualatex/lualatex-math/lualatex-math.st
y
Package: lualatex-math 2022/01/01 v1.12 Patches for mathematics typesetting wit
h LuaLaTeX
(/usr/local/texlive/2024/texmf-dist/tex/latex/etoolbox/etoolbox.sty
Package: etoolbox 2020/10/05 v2.5k e-TeX tools for LaTeX (JAW)
\etb@tempcnta=\count292
)
Lua module: lualatex-math 2013/08/03 v1.3 Patches for mathematics typesetting wi
th LuaLaTeX)
\g__um_fam_int=\count293
\g__um_fonts_used_int=\count294
\l__um_primecount_int=\count295
\g__um_primekern_muskip=\muskip18

(/usr/local/texlive/2024/texmf-dist/tex/latex/unicode-math/unicode-math-table.t
ex))) (/usr/local/texlive/2024/texmf-dist/tex/latex/lm/lmodern.sty
Package: lmodern 2015/05/01 v1.6.1 Latin Modern Fonts
LaTeX Font Info:    Overwriting symbol font `operators' in version `normal'
(Font)                  OT1/cmr/m/n --> OT1/lmr/m/n on input line 22.
LaTeX Font Info:    Overwriting symbol font `letters' in version `normal'
(Font)                  OML/cmm/m/it --> OML/lmm/m/it on input line 23.
LaTeX Font Info:    Overwriting symbol font `symbols' in version `normal'
(Font)                  OMS/cmsy/m/n --> OMS/lmsy/m/n on input line 24.
LaTeX Font Info:    Overwriting symbol font `largesymbols' in version `normal'
(Font)                  OMX/cmex/m/n --> OMX/lmex/m/n on input line 25.
LaTeX Font Info:    Overwriting symbol font `operators' in version `bold'
(Font)                  OT1/cmr/bx/n --> OT1/lmr/bx/n on input line 26.
LaTeX Font Info:    Overwriting symbol font `letters' in version `bold'
(Font)                  OML/cmm/b/it --> OML/lmm/b/it on input line 27.
LaTeX Font Info:    Overwriting symbol font `symbols' in version `bold'
(Font)                  OMS/cmsy/b/n --> OMS/lmsy/b/n on input line 28.
LaTeX Font Info:    Overwriting symbol font `largesymbols' in version `bold'
(Font)                  OMX/cmex/m/n --> OMX/lmex/m/n on input line 29.
LaTeX Font Info:    Overwriting math alphabet `\mathbf' in version `normal'
(Font)                  OT1/cmr/bx/n --> OT1/lmr/bx/n on input line 31.
LaTeX Font Info:    Overwriting math alphabet `\mathsf' in version `normal'
(Font)                  OT1/cmss/m/n --> OT1/lmss/m/n on input line 32.
LaTeX Font Info:    Overwriting math alphabet `\mathit' in version `normal'
(Font)                  OT1/cmr/m/it --> OT1/lmr/m/it on input line 33.
LaTeX Font Info:    Overwriting math alphabet `\mathtt' in version `normal'
(Font)                  OT1/cmtt/m/n --> OT1/lmtt/m/n on input line 34.
LaTeX Font Info:    Overwriting math alphabet `\mathbf' in version `bold'
(Font)                  OT1/cmr/bx/n --> OT1/lmr/bx/n on input line 35.
LaTeX Font Info:    Overwriting math alphabet `\mathsf' in version `bold'
(Font)                  OT1/cmss/bx/n --> OT1/lmss/bx/n on input line 36.
LaTeX Font Info:    Overwriting math alphabet `\mathit' in version `bold'
(Font)                  OT1/cmr/bx/it --> OT1/lmr/bx/it on input line 37.
LaTeX Font Info:    Overwriting math alphabet `\mathtt' in version `bold'
(Font)                  OT1/cmtt/m/n --> OT1/lmtt/m/n on input line 38.
) (/usr/local/texlive/2024/texmf-dist/tex/latex/upquote/upquote.sty
Package: upquote 2012/04/19 v1.3 upright-quote and grave-accent glyphs in verba
tim
(/usr/local/texlive/2024/texmf-dist/tex/latex/base/textcomp.sty
Package: textcomp 2024/04/24 v2.1b Standard LaTeX package
)) (/usr/local/texlive/2024/texmf-dist/tex/latex/microtype/microtype.sty
Package: microtype 2024/12/12 v3.2 Micro-typographical refinements (RS)
(/usr/local/texlive/2024/texmf-dist/tex/latex/graphics/keyval.sty
Package: keyval 2022/05/29 v1.15 key=value parser (DPC)
\KV@toks@=\toks22
)
\MT@toks=\toks23
\MT@tempbox=\box55
\MT@count=\count296
LaTeX Info: Redefining \noprotrusionifhmode on input line 1075.
LaTeX Info: Redefining \leftprotrusion on input line 1076.
\MT@prot@toks=\toks24
LaTeX Info: Redefining \rightprotrusion on input line 1095.
LaTeX Info: Redefining \textls on input line 1437.
\MT@outer@kern=\dimen153
LaTeX Info: Redefining \microtypecontext on input line 2041.
LaTeX Info: Redefining \textmicrotypecontext on input line 2058.
\MT@listname@count=\count297
(/usr/local/texlive/2024/texmf-dist/tex/latex/microtype/microtype-luatex.def
File: microtype-luatex.def 2024/12/12 v3.2 Definitions specific to luatex (RS)
Lua module: microtype 2024/12/12 v3.2 microtype module.
Module microtype Info: overwriting function `keepligature' on input line 63
LaTeX Info: Redefining \lsstyle on input line 779.
LaTeX Info: Redefining \lslig on input line 779.
\MT@outer@space=\skip54
)
Package microtype Info: Loading configuration file microtype.cfg.
(/usr/local/texlive/2024/texmf-dist/tex/latex/microtype/microtype.cfg
File: microtype.cfg 2024/12/12 v3.2 microtype main configuration file (RS)
)
LaTeX Info: Redefining \microtypesetup on input line 3053.
) (/usr/local/texlive/2024/texmf-dist/tex/latex/parskip/parskip.sty
Package: parskip 2021-03-14 v2.0h non-zero parskip adjustments
(/usr/local/texlive/2024/texmf-dist/tex/latex/kvoptions/kvoptions.sty
Package: kvoptions 2022-06-15 v3.15 Key value format for package options (HO)
(/usr/local/texlive/2024/texmf-dist/tex/generic/ltxcmds/ltxcmds.sty
Package: ltxcmds 2023-12-04 v1.26 LaTeX kernel commands for general use (HO)
) (/usr/local/texlive/2024/texmf-dist/tex/latex/kvsetkeys/kvsetkeys.sty
Package: kvsetkeys 2022-10-05 v1.19 Key value parser (HO)
))) (/usr/local/texlive/2024/texmf-dist/tex/latex/xcolor/xcolor.sty
Package: xcolor 2024/09/29 v3.02 LaTeX color extensions (UK)
(/usr/local/texlive/2024/texmf-dist/tex/latex/graphics-cfg/color.cfg
File: color.cfg 2016/01/02 v1.6 sample color configuration
)
Package xcolor Info: Driver file: luatex.def on input line 274.
(/usr/local/texlive/2024/texmf-dist/tex/latex/graphics-def/luatex.def
File: luatex.def 2024/04/13 v1.2e Graphics/color driver for luatex
) (/usr/local/texlive/2024/texmf-dist/tex/latex/graphics/mathcolor.ltx)
Package xcolor Info: Model `cmy' substituted by `cmy0' on input line 1349.
Package xcolor Info: Model `hsb' substituted by `rgb' on input line 1353.
Package xcolor Info: Model `RGB' extended on input line 1365.
Package xcolor Info: Model `HTML' substituted by `rgb' on input line 1367.
Package xcolor Info: Model `Hsb' substituted by `hsb' on input line 1368.
Package xcolor Info: Model `tHsb' substituted by `hsb' on input line 1369.
Package xcolor Info: Model `HSB' substituted by `hsb' on input line 1370.
Package xcolor Info: Model `Gray' substituted by `gray' on input line 1371.
Package xcolor Info: Model `wave' substituted by `hsb' on input line 1372.
) (/usr/local/texlive/2024/texmf-dist/tex/latex/graphics/dvipsnam.def
File: dvipsnam.def 2016/06/17 v3.0m Driver-dependent file (DPC,SPQR)
) (/usr/local/texlive/2024/texmf-dist/tex/latex/xcolor/svgnam.def
File: svgnam.def 2024/09/29 v3.02 Predefined colors according to SVG 1.1 (UK)
) (/usr/local/texlive/2024/texmf-dist/tex/latex/xcolor/x11nam.def
File: x11nam.def 2024/09/29 v3.02 Predefined colors according to Unix/X11 (UK)
) (/usr/local/texlive/2024/texmf-dist/tex/latex/geometry/geometry.sty
Package: geometry 2020/01/02 v5.9 Page Geometry
(/usr/local/texlive/2024/texmf-dist/tex/generic/iftex/ifvtex.sty
Package: ifvtex 2019/10/25 v1.7 ifvtex legacy package. Use iftex instead.
)
\Gm@cnth=\count298
\Gm@cntv=\count299
\c@Gm@tempcnt=\count300
\Gm@bindingoffset=\dimen154
\Gm@wd@mp=\dimen155
\Gm@odd@mp=\dimen156
\Gm@even@mp=\dimen157
\Gm@layoutwidth=\dimen158
\Gm@layoutheight=\dimen159
\Gm@layouthoffset=\dimen160
\Gm@layoutvoffset=\dimen161
\Gm@dimlist=\toks25
) (/usr/local/texlive/2024/texmf-dist/tex/latex/fancyvrb/fancyvrb.sty
Package: fancyvrb 2024/01/20 4.5c verbatim text (tvz,hv)
\FV@CodeLineNo=\count301
\FV@InFile=\read2
\FV@TabBox=\box56
\c@FancyVerbLine=\count302
\FV@StepNumber=\count303
\FV@OutFile=\write3
) (/usr/local/texlive/2024/texmf-dist/tex/latex/framed/framed.sty
Package: framed 2011/10/22 v 0.96: framed or shaded text with page breaks
\OuterFrameSep=\skip55
\fb@frw=\dimen162
\fb@frh=\dimen163
\FrameRule=\dimen164
\FrameSep=\dimen165
) (/usr/local/texlive/2024/texmf-dist/tex/latex/graphics/graphicx.sty
Package: graphicx 2021/09/16 v1.2d Enhanced LaTeX Graphics (DPC,SPQR)
(/usr/local/texlive/2024/texmf-dist/tex/latex/graphics/graphics.sty
Package: graphics 2024/08/06 v1.4g Standard LaTeX Graphics (DPC,SPQR)
(/usr/local/texlive/2024/texmf-dist/tex/latex/graphics/trig.sty
Package: trig 2023/12/02 v1.11 sin cos tan (DPC)
) (/usr/local/texlive/2024/texmf-dist/tex/latex/graphics-cfg/graphics.cfg
File: graphics.cfg 2016/06/04 v1.11 sample graphics configuration
)
Package graphics Info: Driver file: luatex.def on input line 106.
)
\Gin@req@height=\dimen166
\Gin@req@width=\dimen167
) (/usr/local/texlive/2024/texmf-dist/tex/latex/titling/titling.sty
Package: titling 2009/09/04 v2.1d maketitle typesetting
\thanksmarkwidth=\skip56
\thanksmargin=\skip57
\droptitle=\skip58
) (/usr/local/texlive/2024/texmf-dist/tex/latex/fancyhdr/fancyhdr.sty
Package: fancyhdr 2025/01/07 v5.1.1 Extensive control of page headers and foote
rs
\f@nch@headwidth=\skip59
\f@nch@offset@elh=\skip60
\f@nch@offset@erh=\skip61
\f@nch@offset@olh=\skip62
\f@nch@offset@orh=\skip63
\f@nch@offset@elf=\skip64
\f@nch@offset@erf=\skip65
\f@nch@offset@olf=\skip66
\f@nch@offset@orf=\skip67
\f@nch@height=\skip68
\f@nch@footalignment=\skip69
\f@nch@widthL=\skip70
\f@nch@widthC=\skip71
\f@nch@widthR=\skip72
\@temptokenb=\toks26
) (/usr/local/texlive/2024/texmf-dist/tex/latex/float/float.sty
Package: float 2001/11/08 v1.3d Float enhancements (AL)
\c@float@type=\count304
\float@exts=\toks27
\float@box=\box57
\@float@everytoks=\toks28
\@floatcapt=\box58
) (/usr/local/texlive/2024/texmf-dist/tex/lualatex/selnolig/selnolig.sty
=== Package selnolig, Version 0.302, Date 2015/10/26 ===
Package: selnolig 2015/10/26
(/usr/local/texlive/2024/texmf-dist/tex/generic/iftex/ifluatex.sty
Package: ifluatex 2019/10/25 v1.5 ifluatex legacy package. Use iftex instead.
) (/usr/local/texlive/2024/texmf-dist/tex/luatex/luatexbase/luatexbase.sty
Package: luatexbase 2015/10/04 v1.3 luatexbase interface to LuaTeX 
(/usr/local/texlive/2024/texmf-dist/tex/luatex/ctablestack/ctablestack.sty
Package: ctablestack 2015/10/01 v1.0 Catcode table stable support
\@catcodetablestackcnt=\count305
)
\CatcodeTableOther=\catcodetable14
\CatcodeTableExpl=\catcodetable15
)
Inserting `Suppress ligatures selectively' in `ligaturing'.) (/usr/local/texliv
e/2024/texmf-dist/tex/latex/bookmark/bookmark.sty
Package: bookmark 2023-12-10 v1.31 PDF bookmarks (HO)
(/usr/local/texlive/2024/texmf-dist/tex/latex/hyperref/hyperref.sty
Package: hyperref 2024-11-05 v7.01l Hypertext links for LaTeX
(/usr/local/texlive/2024/texmf-dist/tex/generic/kvdefinekeys/kvdefinekeys.sty
Package: kvdefinekeys 2019-12-19 v1.6 Define keys (HO)
) (/usr/local/texlive/2024/texmf-dist/tex/generic/pdfescape/pdfescape.sty
Package: pdfescape 2019/12/09 v1.15 Implements pdfTeX's escape features (HO)
(/usr/local/texlive/2024/texmf-dist/tex/generic/pdftexcmds/pdftexcmds.sty
Package: pdftexcmds 2020-06-27 v0.33 Utility functions of pdfTeX for LuaTeX (HO
)
(/usr/local/texlive/2024/texmf-dist/tex/generic/infwarerr/infwarerr.sty
Package: infwarerr 2019/12/03 v1.5 Providing info/warning/error messages (HO)
)
Package pdftexcmds Info: \pdf@primitive is available.
Package pdftexcmds Info: \pdf@ifprimitive is available.
Package pdftexcmds Info: \pdfdraftmode found.
\pdftexcmds@toks=\toks29
)) (/usr/local/texlive/2024/texmf-dist/tex/latex/hycolor/hycolor.sty
Package: hycolor 2020-01-27 v1.10 Color options for hyperref/bookmark (HO)
) (/usr/local/texlive/2024/texmf-dist/tex/latex/hyperref/nameref.sty
Package: nameref 2023-11-26 v2.56 Cross-referencing by name of section
(/usr/local/texlive/2024/texmf-dist/tex/latex/refcount/refcount.sty
Package: refcount 2019/12/15 v3.6 Data extraction from label references (HO)
)
(/usr/local/texlive/2024/texmf-dist/tex/generic/gettitlestring/gettitlestring.s
ty
Package: gettitlestring 2019/12/15 v1.6 Cleanup title references (HO)
)
\c@section@level=\count306
) (/usr/local/texlive/2024/texmf-dist/tex/generic/stringenc/stringenc.sty
Package: stringenc 2019/11/29 v1.12 Convert strings between diff. encodings (HO
)
)
\@linkdim=\dimen168
\Hy@linkcounter=\count307
\Hy@pagecounter=\count308
(/usr/local/texlive/2024/texmf-dist/tex/latex/hyperref/pd1enc.def
File: pd1enc.def 2024-11-05 v7.01l Hyperref: PDFDocEncoding definition (HO)
) (/usr/local/texlive/2024/texmf-dist/tex/generic/intcalc/intcalc.sty
Package: intcalc 2019/12/15 v1.3 Expandable calculations with integers (HO)
)
\Hy@SavedSpaceFactor=\count309
(/usr/local/texlive/2024/texmf-dist/tex/latex/hyperref/puenc.def
File: puenc.def 2024-11-05 v7.01l Hyperref: PDF Unicode definition (HO)
)
Package hyperref Info: Option `unicode' set `true' on input line 4040.
Package hyperref Info: Hyper figures OFF on input line 4157.
Package hyperref Info: Link nesting OFF on input line 4162.
Package hyperref Info: Hyper index ON on input line 4165.
Package hyperref Info: Plain pages OFF on input line 4172.
Package hyperref Info: Backreferencing OFF on input line 4177.
Package hyperref Info: Implicit mode ON; LaTeX internals redefined.
Package hyperref Info: Bookmarks ON on input line 4424.
\c@Hy@tempcnt=\count310
(/usr/local/texlive/2024/texmf-dist/tex/latex/url/url.sty
\Urlmuskip=\muskip19
Package: url 2013/09/16  ver 3.4  Verb mode for urls, etc.
)
LaTeX Info: Redefining \url on input line 4763.
\XeTeXLinkMargin=\dimen169
(/usr/local/texlive/2024/texmf-dist/tex/generic/bitset/bitset.sty
Package: bitset 2019/12/09 v1.3 Handle bit-vector datatype (HO)
(/usr/local/texlive/2024/texmf-dist/tex/generic/bigintcalc/bigintcalc.sty
Package: bigintcalc 2019/12/15 v1.5 Expandable calculations on big integers (HO
)
))
\Fld@menulength=\count311
\Field@Width=\dimen170
\Fld@charsize=\dimen171
Package hyperref Info: Hyper figures OFF on input line 6042.
Package hyperref Info: Link nesting OFF on input line 6047.
Package hyperref Info: Hyper index ON on input line 6050.
Package hyperref Info: backreferencing OFF on input line 6057.
Package hyperref Info: Link coloring OFF on input line 6062.
Package hyperref Info: Link coloring with OCG OFF on input line 6067.
Package hyperref Info: PDF/A mode OFF on input line 6072.
(/usr/local/texlive/2024/texmf-dist/tex/latex/base/atbegshi-ltx.sty
Package: atbegshi-ltx 2021/01/10 v1.0c Emulation of the original atbegshi
package with kernel methods
)
\Hy@abspage=\count312
\c@Item=\count313
\c@Hfootnote=\count314
)
Package hyperref Info: Driver (autodetected): hluatex.
(/usr/local/texlive/2024/texmf-dist/tex/latex/hyperref/hluatex.def
File: hluatex.def 2024-11-05 v7.01l Hyperref driver for luaTeX
(/usr/local/texlive/2024/texmf-dist/tex/latex/base/atveryend-ltx.sty
Package: atveryend-ltx 2020/08/19 v1.0a Emulation of the original atveryend pac
kage
with kernel methods
)
\Fld@listcount=\count315
\c@bookmark@seq@number=\count316

(/usr/local/texlive/2024/texmf-dist/tex/latex/rerunfilecheck/rerunfilecheck.sty
Package: rerunfilecheck 2022-07-10 v1.10 Rerun checks for auxiliary files (HO)

(/usr/local/texlive/2024/texmf-dist/tex/generic/uniquecounter/uniquecounter.sty
Package: uniquecounter 2019/12/15 v1.4 Provide unlimited unique counter (HO)
)
Package uniquecounter Info: New unique counter `rerunfilecheck' on input line 2
85.
)
\Hy@SectionHShift=\skip73
) (/usr/local/texlive/2024/texmf-dist/tex/latex/bookmark/bkm-pdftex.def
File: bkm-pdftex.def 2023-12-10 v1.31 bookmark driver for pdfTeX and luaTeX (HO
)
\BKM@id=\count317
)) (/usr/local/texlive/2024/texmf-dist/tex/latex/xurl/xurl.sty
Package: xurl 2022/01/09 v 0.10 modify URL breaks
)
LaTeX Info: Redefining \href on input line 111.
Package hyperref Info: Option `colorlinks' set `true' on input line 120.
(./Report-cluster-cell-calling-default_multiple-2025-07-16.aux)
\openout1 = Report-cluster-cell-calling-default_multiple-2025-07-16.aux

LaTeX Font Info:    Checking defaults for OML/cmm/m/it on input line 127.
LaTeX Font Info:    ... okay on input line 127.
LaTeX Font Info:    Checking defaults for OMS/cmsy/m/n on input line 127.
LaTeX Font Info:    ... okay on input line 127.
LaTeX Font Info:    Checking defaults for OT1/cmr/m/n on input line 127.
LaTeX Font Info:    ... okay on input line 127.
LaTeX Font Info:    Checking defaults for T1/cmr/m/n on input line 127.
LaTeX Font Info:    ... okay on input line 127.
LaTeX Font Info:    Checking defaults for TS1/cmr/m/n on input line 127.
LaTeX Font Info:    ... okay on input line 127.
LaTeX Font Info:    Checking defaults for TU/lmr/m/n on input line 127.
LaTeX Font Info:    ... okay on input line 127.
LaTeX Font Info:    Checking defaults for OMX/cmex/m/n on input line 127.
LaTeX Font Info:    ... okay on input line 127.
LaTeX Font Info:    Checking defaults for U/cmr/m/n on input line 127.
LaTeX Font Info:    ... okay on input line 127.
LaTeX Font Info:    Checking defaults for PD1/pdf/m/n on input line 127.
LaTeX Font Info:    ... okay on input line 127.
LaTeX Font Info:    Checking defaults for PU/pdf/m/n on input line 127.
LaTeX Font Info:    ... okay on input line 127.
LaTeX Font Info:    Overwriting math alphabet `\mathrm' in version `normal'
(Font)                  OT1/lmr/m/n --> TU/lmr/m/n on input line 127.
LaTeX Font Info:    Overwriting math alphabet `\mathit' in version `normal'
(Font)                  OT1/lmr/m/it --> TU/lmr/m/it on input line 127.
LaTeX Font Info:    Overwriting math alphabet `\mathbf' in version `normal'
(Font)                  OT1/lmr/bx/n --> TU/lmr/bx/n on input line 127.
LaTeX Font Info:    Overwriting math alphabet `\mathsf' in version `normal'
(Font)                  OT1/lmss/m/n --> TU/lmss/m/n on input line 127.
LaTeX Font Info:    Overwriting math alphabet `\mathsf' in version `bold'
(Font)                  OT1/lmss/bx/n --> TU/lmss/bx/n on input line 127.
LaTeX Font Info:    Overwriting math alphabet `\mathtt' in version `normal'
(Font)                  OT1/lmtt/m/n --> TU/lmtt/m/n on input line 127.
LaTeX Font Info:    Overwriting math alphabet `\mathtt' in version `bold'
(Font)                  OT1/lmtt/m/n --> TU/lmtt/bx/n on input line 127.

Package fontspec Info: 
(fontspec)             latinmodern-math scale = 0.9999967668407183.


Package fontspec Info: 
(fontspec)             latinmodern-math scale = 0.9999967668407183.


Package fontspec Info: 
(fontspec)             latinmodern-math scale = 0.9999967668407183.


Package fontspec Info: 
(fontspec)             Font family 'latinmodern-math.otf(0)' created for font
(fontspec)             'latinmodern-math.otf' with options
(fontspec)             [Scale=MatchLowercase,Renderer=Basic,BoldItalicFont={},I
talicFont={},SmallCapsFont={},Script=Math,RawFeature={mathfontdimen=xetex},Bold
Font={latinmodern-math.otf}].
(fontspec)              
(fontspec)              This font family consists of the following NFSS
(fontspec)             series/shapes:
(fontspec)              
(fontspec)             - 'normal' (m/n) with NFSS spec.:
(fontspec)             <->s*[0.9999967668407183]"[latinmodern-math.otf]:mode=ba
se;script=math;language=dflt;mathfontdimen=xetex;"
(fontspec)             - 'bold' (b/n) with NFSS spec.:
(fontspec)             <->s*[0.9999967668407183]"[latinmodern-math.otf]:mode=ba
se;script=math;language=dflt;mathfontdimen=xetex;"

LaTeX Font Info:    Font shape `TU/latinmodern-math.otf(0)/m/n' will be
(Font)              scaled to size 10.95pt on input line 127.

Package fontspec Info: 
(fontspec)             latinmodern-math scale = 0.9999967668407183.


Package fontspec Info: 
(fontspec)             latinmodern-math scale = 0.9999967668407183.


Package fontspec Info: 
(fontspec)             latinmodern-math scale = 0.9999967668407183.


Package fontspec Info: 
(fontspec)             latinmodern-math scale = 0.9999967668407183.


Package fontspec Info: 
(fontspec)             latinmodern-math scale = 0.9999967668407183.


Package fontspec Info: 
(fontspec)             Font family 'latinmodern-math.otf(1)' created for font
(fontspec)             'latinmodern-math.otf' with options
(fontspec)             [Scale=MatchLowercase,Renderer=Basic,BoldItalicFont={},I
talicFont={},SmallCapsFont={},Script=Math,SizeFeatures={{Size=9.3075-},{Size=6.
57-9.3075,Font=latinmodern-math.otf,Style=MathScript},{Size=-6.57,Font=latinmod
ern-math.otf,Style=MathScriptScript}},RawFeature={mathfontdimen=xetex},BoldFont
={latinmodern-math.otf}].
(fontspec)              
(fontspec)              This font family consists of the following NFSS
(fontspec)             series/shapes:
(fontspec)              
(fontspec)             - 'normal' (m/n) with NFSS spec.:
(fontspec)             <9.3075->s*[0.9999967668407183]"[latinmodern-math.otf]:m
ode=base;script=math;language=dflt;mathfontdimen=xetex;"<6.57-9.3075>s*[0.99999
67668407183]"[latinmodern-math.otf]:mode=base;script=math;language=dflt;mathfon
tdimen=xetex;+ssty=0;"<-6.57>s*[0.9999967668407183]"[latinmodern-math.otf]:mode
=base;script=math;language=dflt;mathfontdimen=xetex;+ssty=1;"
(fontspec)             - 'bold' (b/n) with NFSS spec.:
(fontspec)             <->s*[0.9999967668407183]"[latinmodern-math.otf]:mode=ba
se;script=math;language=dflt;mathfontdimen=xetex;"

LaTeX Font Info:    Font shape `TU/latinmodern-math.otf(1)/m/n' will be
(Font)              scaled to size 10.95pt on input line 127.
LaTeX Font Info:    Encoding `OT1' has changed to `TU' for symbol font
(Font)              `operators' in the math version `normal' on input line 127.

LaTeX Font Info:    Overwriting symbol font `operators' in version `normal'
(Font)                  OT1/lmr/m/n --> TU/latinmodern-math.otf(1)/m/n on input
 line 127.
LaTeX Font Info:    Encoding `OT1' has changed to `TU' for symbol font
(Font)              `operators' in the math version `bold' on input line 127.
LaTeX Font Info:    Overwriting symbol font `operators' in version `bold'
(Font)                  OT1/lmr/bx/n --> TU/latinmodern-math.otf(1)/b/n on inpu
t line 127.

Package fontspec Info: 
(fontspec)             latinmodern-math scale = 0.9999967668407183.


Package fontspec Info: 
(fontspec)             latinmodern-math scale = 0.9999967668407183.


Package fontspec Info: 
(fontspec)             latinmodern-math scale = 0.9999967668407183.


Package fontspec Info: 
(fontspec)             latinmodern-math scale = 0.9999967668407183.


Package fontspec Info: 
(fontspec)             latinmodern-math scale = 0.9999967668407183.


Package fontspec Info: 
(fontspec)             Font family 'latinmodern-math.otf(2)' created for font
(fontspec)             'latinmodern-math.otf' with options
(fontspec)             [Scale=MatchLowercase,Renderer=Basic,BoldItalicFont={},I
talicFont={},SmallCapsFont={},Script=Math,SizeFeatures={{Size=9.3075-},{Size=6.
57-9.3075,Font=latinmodern-math.otf,Style=MathScript},{Size=-6.57,Font=latinmod
ern-math.otf,Style=MathScriptScript}},RawFeature={mathfontdimen=xetex},BoldFont
={latinmodern-math.otf},RawFeature={mathfontdimen=tex2}].
(fontspec)              
(fontspec)              This font family consists of the following NFSS
(fontspec)             series/shapes:
(fontspec)              
(fontspec)             - 'normal' (m/n) with NFSS spec.:
(fontspec)             <9.3075->s*[0.9999967668407183]"[latinmodern-math.otf]:m
ode=base;script=math;language=dflt;mathfontdimen=xetex;mathfontdimen=tex2;"<6.5
7-9.3075>s*[0.9999967668407183]"[latinmodern-math.otf]:mode=base;script=math;la
nguage=dflt;mathfontdimen=xetex;mathfontdimen=tex2;+ssty=0;"<-6.57>s*[0.9999967
668407183]"[latinmodern-math.otf]:mode=base;script=math;language=dflt;mathfontd
imen=xetex;mathfontdimen=tex2;+ssty=1;"
(fontspec)             - 'bold' (b/n) with NFSS spec.:
(fontspec)             <->s*[0.9999967668407183]"[latinmodern-math.otf]:mode=ba
se;script=math;language=dflt;mathfontdimen=xetex;mathfontdimen=tex2;"

LaTeX Font Info:    Encoding `OMS' has changed to `TU' for symbol font
(Font)              `symbols' in the math version `normal' on input line 127.
LaTeX Font Info:    Overwriting symbol font `symbols' in version `normal'
(Font)                  OMS/lmsy/m/n --> TU/latinmodern-math.otf(2)/m/n on inpu
t line 127.
LaTeX Font Info:    Encoding `OMS' has changed to `TU' for symbol font
(Font)              `symbols' in the math version `bold' on input line 127.
LaTeX Font Info:    Overwriting symbol font `symbols' in version `bold'
(Font)                  OMS/lmsy/b/n --> TU/latinmodern-math.otf(2)/b/n on inpu
t line 127.

Package fontspec Info: 
(fontspec)             latinmodern-math scale = 0.9999967668407183.


Package fontspec Info: 
(fontspec)             latinmodern-math scale = 0.9999967668407183.


Package fontspec Info: 
(fontspec)             latinmodern-math scale = 0.9999967668407183.


Package fontspec Info: 
(fontspec)             latinmodern-math scale = 0.9999967668407183.


Package fontspec Info: 
(fontspec)             latinmodern-math scale = 0.9999967668407183.


Package fontspec Info: 
(fontspec)             Font family 'latinmodern-math.otf(3)' created for font
(fontspec)             'latinmodern-math.otf' with options
(fontspec)             [Scale=MatchLowercase,Renderer=Basic,BoldItalicFont={},I
talicFont={},SmallCapsFont={},Script=Math,SizeFeatures={{Size=9.3075-},{Size=6.
57-9.3075,Font=latinmodern-math.otf,Style=MathScript},{Size=-6.57,Font=latinmod
ern-math.otf,Style=MathScriptScript}},RawFeature={mathfontdimen=xetex},BoldFont
={latinmodern-math.otf},RawFeature={mathfontdimen=tex3}].
(fontspec)              
(fontspec)              This font family consists of the following NFSS
(fontspec)             series/shapes:
(fontspec)              
(fontspec)             - 'normal' (m/n) with NFSS spec.:
(fontspec)             <9.3075->s*[0.9999967668407183]"[latinmodern-math.otf]:m
ode=base;script=math;language=dflt;mathfontdimen=xetex;mathfontdimen=tex3;"<6.5
7-9.3075>s*[0.9999967668407183]"[latinmodern-math.otf]:mode=base;script=math;la
nguage=dflt;mathfontdimen=xetex;mathfontdimen=tex3;+ssty=0;"<-6.57>s*[0.9999967
668407183]"[latinmodern-math.otf]:mode=base;script=math;language=dflt;mathfontd
imen=xetex;mathfontdimen=tex3;+ssty=1;"
(fontspec)             - 'bold' (b/n) with NFSS spec.:
(fontspec)             <->s*[0.9999967668407183]"[latinmodern-math.otf]:mode=ba
se;script=math;language=dflt;mathfontdimen=xetex;mathfontdimen=tex3;"

LaTeX Font Info:    Encoding `OMX' has changed to `TU' for symbol font
(Font)              `largesymbols' in the math version `normal' on input line 1
27.
LaTeX Font Info:    Overwriting symbol font `largesymbols' in version `normal'
(Font)                  OMX/lmex/m/n --> TU/latinmodern-math.otf(3)/m/n on inpu
t line 127.
LaTeX Font Info:    Encoding `OMX' has changed to `TU' for symbol font
(Font)              `largesymbols' in the math version `bold' on input line 127
.
LaTeX Font Info:    Overwriting symbol font `largesymbols' in version `bold'
(Font)                  OMX/lmex/m/n --> TU/latinmodern-math.otf(3)/b/n on inpu
t line 127.
LaTeX Font Info:    Font shape `TU/latinmodern-math.otf(1)/m/n' will be
(Font)              scaled to size 7.665pt on input line 127.
LaTeX Font Info:    Font shape `TU/latinmodern-math.otf(1)/m/n' will be
(Font)              scaled to size 5.475pt on input line 127.
LaTeX Font Info:    Trying to load font information for OML+lmm on input line 1
27.
(/usr/local/texlive/2024/texmf-dist/tex/latex/lm/omllmm.fd
File: omllmm.fd 2015/05/01 v1.6.1 Font defs for Latin Modern
)
LaTeX Font Info:    Font shape `TU/latinmodern-math.otf(2)/m/n' will be
(Font)              scaled to size 10.95pt on input line 127.
LaTeX Font Info:    Font shape `TU/latinmodern-math.otf(2)/m/n' will be
(Font)              scaled to size 7.665pt on input line 127.
LaTeX Font Info:    Font shape `TU/latinmodern-math.otf(2)/m/n' will be
(Font)              scaled to size 5.475pt on input line 127.
LaTeX Font Info:    Font shape `TU/latinmodern-math.otf(3)/m/n' will be
(Font)              scaled to size 10.95pt on input line 127.
LaTeX Font Info:    Font shape `TU/latinmodern-math.otf(3)/m/n' will be
(Font)              scaled to size 7.665pt on input line 127.
LaTeX Font Info:    Font shape `TU/latinmodern-math.otf(3)/m/n' will be
(Font)              scaled to size 5.475pt on input line 127.
LaTeX Font Info:    Trying to load font information for U+msa on input line 127
.
(/usr/local/texlive/2024/texmf-dist/tex/latex/amsfonts/umsa.fd
File: umsa.fd 2013/01/14 v3.01 AMS symbols A
)
LaTeX Font Info:    Trying to load font information for U+msb on input line 127
.
(/usr/local/texlive/2024/texmf-dist/tex/latex/amsfonts/umsb.fd
File: umsb.fd 2013/01/14 v3.01 AMS symbols B
)
LaTeX Info: Redefining \microtypecontext on input line 127.
Package microtype Info: Applying patch `item' on input line 127.
Package microtype Info: Applying patch `toc' on input line 127.
Package microtype Info: Applying patch `eqnum' on input line 127.
Package microtype Info: Applying patch `footnote' on input line 127.
Package microtype Info: Applying patch `verbatim' on input line 127.
LaTeX Info: Redefining \microtypesetup on input line 127.
Package microtype Info: Generating PDF output.
Package microtype Info: Character protrusion enabled (level 2).
Package microtype Info: Using protrusion set `basicmath'.
Package microtype Info: Automatic font expansion enabled (level 2),
(microtype)             stretch: 20, shrink: 20, step: 1, non-selected.
Package microtype Info: Using default expansion set `alltext-nott'.
LaTeX Info: Redefining \showhyphens on input line 127.
Package microtype Info: No adjustment of tracking.
Package microtype Info: No adjustment of spacing.
Package microtype Info: No adjustment of kerning.

(/usr/local/texlive/2024/texmf-dist/tex/latex/microtype/mt-LatinModernRoman.cfg
File: mt-LatinModernRoman.cfg 2021/02/21 v1.1 microtype config. file: Latin Mod
ern Roman (RS)
) (/usr/local/texlive/2024/texmf-dist/tex/context/base/mkii/supp-pdf.mkii
[Loading MPS to PDF converter (version 2006.09.02).]
\scratchcounter=\count318
\scratchdimen=\dimen172
\scratchbox=\box59
\nofMPsegments=\count319
\nofMParguments=\count320
\everyMPshowfont=\toks30
\MPscratchCnt=\count321
\MPscratchDim=\dimen173
\MPnumerator=\count322
\makeMPintoPDFobject=\count323
\everyMPtoPDFconversion=\toks31
) (/usr/local/texlive/2024/texmf-dist/tex/latex/epstopdf-pkg/epstopdf-base.sty
Package: epstopdf-base 2020-01-24 v2.11 Base part for package epstopdf
Package epstopdf-base Info: Redefining graphics rule for `.eps' on input line 4
85.
(/usr/local/texlive/2024/texmf-dist/tex/latex/latexconfig/epstopdf-sys.cfg
File: epstopdf-sys.cfg 2010/07/13 v1.3 Configuration of (r)epstopdf for TeX Liv
e
))
*geometry* driver: auto-detecting
*geometry* detected driver: luatex
*geometry* verbose mode - [ preamble ] result:
* driver: luatex
* paper: a4paper
* layout: <same size as paper>
* layoutoffset:(h,v)=(0.0pt,0.0pt)
* modes: 
* h-part:(L,W,R)=(72.26999pt, 452.9679pt, 72.26999pt)
* v-part:(T,H,B)=(72.26999pt, 700.50687pt, 72.26999pt)
* \paperwidth=597.50787pt
* \paperheight=845.04684pt
* \textwidth=452.9679pt
* \textheight=700.50687pt
* \oddsidemargin=0.0pt
* \evensidemargin=0.0pt
* \topmargin=-37.0pt
* \headheight=12.0pt
* \headsep=25.0pt
* \topskip=11.0pt
* \footskip=30.0pt
* \marginparwidth=50.0pt
* \marginparsep=10.0pt
* \columnsep=10.0pt
* \skip\footins=10.0pt plus 4.0pt minus 2.0pt
* \hoffset=0.0pt
* \voffset=0.0pt
* \mag=1000
* \@twocolumnfalse
* \@twosidefalse
* \@mparswitchfalse
* \@reversemarginfalse
* (1in=72.27pt=25.4mm, 1cm=28.453pt)

Package hyperref Info: Link coloring ON on input line 127.
LaTeX Font Info:    Font shape `TU/latinmodern-math.otf(1)/m/n' will be
(Font)              scaled to size 12.0pt on input line 129.
LaTeX Font Info:    Font shape `TU/latinmodern-math.otf(1)/m/n' will be
(Font)              scaled to size 8.0pt on input line 129.
LaTeX Font Info:    Font shape `TU/latinmodern-math.otf(1)/m/n' will be
(Font)              scaled to size 6.0pt on input line 129.
LaTeX Font Info:    Font shape `TU/latinmodern-math.otf(2)/m/n' will be
(Font)              scaled to size 12.0pt on input line 129.
LaTeX Font Info:    Font shape `TU/latinmodern-math.otf(2)/m/n' will be
(Font)              scaled to size 8.0pt on input line 129.
LaTeX Font Info:    Font shape `TU/latinmodern-math.otf(2)/m/n' will be
(Font)              scaled to size 6.0pt on input line 129.
LaTeX Font Info:    Font shape `TU/latinmodern-math.otf(3)/m/n' will be
(Font)              scaled to size 12.0pt on input line 129.
LaTeX Font Info:    Font shape `TU/latinmodern-math.otf(3)/m/n' will be
(Font)              scaled to size 8.0pt on input line 129.
LaTeX Font Info:    Font shape `TU/latinmodern-math.otf(3)/m/n' will be
(Font)              scaled to size 6.0pt on input line 129.
(/usr/local/texlive/2024/texmf-dist/tex/latex/microtype/mt-msa.cfg
File: mt-msa.cfg 2006/02/04 v1.1 microtype config. file: AMS symbols (a) (RS)
) (/usr/local/texlive/2024/texmf-dist/tex/latex/microtype/mt-msb.cfg
File: mt-msb.cfg 2005/06/01 v1.0 microtype config. file: AMS symbols (b) (RS)
) (./Report-cluster-cell-calling-default_multiple-2025-07-16.toc)
\tf@toc=\write4

\openout4 = Report-cluster-cell-calling-default_multiple-2025-07-16.toc


</research/dept/dnb/core_operations/Bioinformatics/dyergrp/Chroni_A/Patel_etal_
3D2D/figures/img/DNB-BINF-Core-logo.png, id=14, 615.29875pt x 236.885pt>
File: /research/dept/dnb/core_operations/Bioinformatics/dyergrp/Chroni_A/Patel_
etal_3D2D/figures/img/DNB-BINF-Core-logo.png Graphic file (type png)
<use /research/dept/dnb/core_operations/Bioinformatics/dyergrp/Chroni_A/Patel_e
tal_3D2D/figures/img/DNB-BINF-Core-logo.png>
Package luatex.def Info: /research/dept/dnb/core_operations/Bioinformatics/dyer
grp/Chroni_A/Patel_etal_3D2D/figures/img/DNB-BINF-Core-logo.png  used on input 
line 148.
(luatex.def)             Requested size: 312.85933pt x 120.44829pt.

Package fancyhdr Warning: \headheight is too small (68.9055pt): 
(fancyhdr)                Make it at least 124.52832pt, for example:
(fancyhdr)                \setlength{\headheight}{124.52832pt}.
(fancyhdr)                You might also make \topmargin smaller:
(fancyhdr)                \addtolength{\topmargin}{-55.62282pt}.

[1

{/usr/local/texlive/2024/texmf-var/fonts/map/pdftex/updmap/pdftex.map}</research
/dept/dnb/core_operations/Bioinformatics/dyergrp/Chroni_A/Patel_etal_3D2D/figure
s/img/DNB-BINF-Core-logo.png>]
LaTeX Font Info:    Font shape `TU/latinmodern-math.otf(1)/m/n' will be
(Font)              scaled to size 9.0pt on input line 161.
LaTeX Font Info:    Font shape `TU/latinmodern-math.otf(1)/m/n' will be
(Font)              scaled to size 5.0pt on input line 161.
LaTeX Font Info:    Font shape `TU/latinmodern-math.otf(2)/m/n' will be
(Font)              scaled to size 9.0pt on input line 161.
LaTeX Font Info:    Font shape `TU/latinmodern-math.otf(2)/m/n' will be
(Font)              scaled to size 5.0pt on input line 161.
LaTeX Font Info:    Font shape `TU/latinmodern-math.otf(3)/m/n' will be
(Font)              scaled to size 9.0pt on input line 161.
LaTeX Font Info:    Font shape `TU/latinmodern-math.otf(3)/m/n' will be
(Font)              scaled to size 5.0pt on input line 161.

Underfull \hbox (badness 10000) in paragraph at lines 166--169

 []


Underfull \hbox (badness 10000) in paragraph at lines 170--172

 []



[2]
LaTeX Font Info:    Font shape `TU/lmtt/bx/n' in size <10.95> not available
(Font)              Font shape `TU/lmtt/b/n' tried instead on input line 197.


[3]

[4]
</research_jude/rgs01_jude/dept/DNB/core_operations/Bioinformatics/dyergrp/Chro
ni_A/Patel_etal_3D2D/analyses/rshiny-app-cclf-cell-lines/plots/03-cluster-cell-
calling/RMS/Report-cluster-cell-calling-default_multiple-2025-07-16_files/figur
e-latex/calculate-and-plot-clusters-1.pdf, id=82, 867.24pt x 433.62pt>
File: /research_jude/rgs01_jude/dept/DNB/core_operations/Bioinformatics/dyergrp
/Chroni_A/Patel_etal_3D2D/analyses/rshiny-app-cclf-cell-lines/plots/03-cluster-
cell-calling/RMS/Report-cluster-cell-calling-default_multiple-2025-07-16_files/
figure-latex/calculate-and-plot-clusters-1.pdf Graphic file (type pdf)
<use /research_jude/rgs01_jude/dept/DNB/core_operations/Bioinformatics/dyergrp/
Chroni_A/Patel_etal_3D2D/analyses/rshiny-app-cclf-cell-lines/plots/03-cluster-c
ell-calling/RMS/Report-cluster-cell-calling-default_multiple-2025-07-16_files/f
igure-latex/calculate-and-plot-clusters-1.pdf>
Package luatex.def Info: /research_jude/rgs01_jude/dept/DNB/core_operations/Bio
informatics/dyergrp/Chroni_A/Patel_etal_3D2D/analyses/rshiny-app-cclf-cell-line
s/plots/03-cluster-cell-calling/RMS/Report-cluster-cell-calling-default_multipl
e-2025-07-16_files/figure-latex/calculate-and-plot-clusters-1.pdf  used on inpu
t line 354.
(luatex.def)             Requested size: 452.96559pt x 226.48279pt.
</research_jude/rgs01_jude/dept/DNB/core_operations/Bioinformatics/dyergrp/Chro
ni_A/Patel_etal_3D2D/analyses/rshiny-app-cclf-cell-lines/plots/03-cluster-cell-
calling/RMS/Report-cluster-cell-calling-default_multiple-2025-07-16_files/figur
e-latex/calculate-and-plot-clusters-2.pdf, id=83, 867.24pt x 433.62pt>
File: /research_jude/rgs01_jude/dept/DNB/core_operations/Bioinformatics/dyergrp
/Chroni_A/Patel_etal_3D2D/analyses/rshiny-app-cclf-cell-lines/plots/03-cluster-
cell-calling/RMS/Report-cluster-cell-calling-default_multiple-2025-07-16_files/
figure-latex/calculate-and-plot-clusters-2.pdf Graphic file (type pdf)
<use /research_jude/rgs01_jude/dept/DNB/core_operations/Bioinformatics/dyergrp/
Chroni_A/Patel_etal_3D2D/analyses/rshiny-app-cclf-cell-lines/plots/03-cluster-c
ell-calling/RMS/Report-cluster-cell-calling-default_multiple-2025-07-16_files/f
igure-latex/calculate-and-plot-clusters-2.pdf>
Package luatex.def Info: /research_jude/rgs01_jude/dept/DNB/core_operations/Bio
informatics/dyergrp/Chroni_A/Patel_etal_3D2D/analyses/rshiny-app-cclf-cell-line
s/plots/03-cluster-cell-calling/RMS/Report-cluster-cell-calling-default_multipl
e-2025-07-16_files/figure-latex/calculate-and-plot-clusters-2.pdf  used on inpu
t line 372.
(luatex.def)             Requested size: 452.96559pt x 226.48279pt.


[5</research_jude/rgs01_jude/dept/DNB/core_operations/Bioinformatics/dyergrp/Chr
oni_A/Patel_etal_3D2D/analyses/rshiny-app-cclf-cell-lines/plots/03-cluster-cell-
calling/RMS/Report-cluster-cell-calling-default_multiple-2025-07-16_files/figure
-latex/calculate-and-plot-clusters-1.pdf>]
</research_jude/rgs01_jude/dept/DNB/core_operations/Bioinformatics/dyergrp/Chro
ni_A/Patel_etal_3D2D/analyses/rshiny-app-cclf-cell-lines/plots/03-cluster-cell-
calling/RMS/Report-cluster-cell-calling-default_multiple-2025-07-16_files/figur
e-latex/calculate-and-plot-clusters-3.pdf, id=95, 867.24pt x 433.62pt>
File: /research_jude/rgs01_jude/dept/DNB/core_operations/Bioinformatics/dyergrp
/Chroni_A/Patel_etal_3D2D/analyses/rshiny-app-cclf-cell-lines/plots/03-cluster-
cell-calling/RMS/Report-cluster-cell-calling-default_multiple-2025-07-16_files/
figure-latex/calculate-and-plot-clusters-3.pdf Graphic file (type pdf)
<use /research_jude/rgs01_jude/dept/DNB/core_operations/Bioinformatics/dyergrp/
Chroni_A/Patel_etal_3D2D/analyses/rshiny-app-cclf-cell-lines/plots/03-cluster-c
ell-calling/RMS/Report-cluster-cell-calling-default_multiple-2025-07-16_files/f
igure-latex/calculate-and-plot-clusters-3.pdf>
Package luatex.def Info: /research_jude/rgs01_jude/dept/DNB/core_operations/Bio
informatics/dyergrp/Chroni_A/Patel_etal_3D2D/analyses/rshiny-app-cclf-cell-line
s/plots/03-cluster-cell-calling/RMS/Report-cluster-cell-calling-default_multipl
e-2025-07-16_files/figure-latex/calculate-and-plot-clusters-3.pdf  used on inpu
t line 390.
(luatex.def)             Requested size: 452.96559pt x 226.48279pt.
</research_jude/rgs01_jude/dept/DNB/core_operations/Bioinformatics/dyergrp/Chro
ni_A/Patel_etal_3D2D/analyses/rshiny-app-cclf-cell-lines/plots/03-cluster-cell-
calling/RMS/Report-cluster-cell-calling-default_multiple-2025-07-16_files/figur
e-latex/calculate-and-plot-clusters-4.pdf, id=96, 867.24pt x 433.62pt>
File: /research_jude/rgs01_jude/dept/DNB/core_operations/Bioinformatics/dyergrp
/Chroni_A/Patel_etal_3D2D/analyses/rshiny-app-cclf-cell-lines/plots/03-cluster-
cell-calling/RMS/Report-cluster-cell-calling-default_multiple-2025-07-16_files/
figure-latex/calculate-and-plot-clusters-4.pdf Graphic file (type pdf)
<use /research_jude/rgs01_jude/dept/DNB/core_operations/Bioinformatics/dyergrp/
Chroni_A/Patel_etal_3D2D/analyses/rshiny-app-cclf-cell-lines/plots/03-cluster-c
ell-calling/RMS/Report-cluster-cell-calling-default_multiple-2025-07-16_files/f
igure-latex/calculate-and-plot-clusters-4.pdf>
Package luatex.def Info: /research_jude/rgs01_jude/dept/DNB/core_operations/Bio
informatics/dyergrp/Chroni_A/Patel_etal_3D2D/analyses/rshiny-app-cclf-cell-line
s/plots/03-cluster-cell-calling/RMS/Report-cluster-cell-calling-default_multipl
e-2025-07-16_files/figure-latex/calculate-and-plot-clusters-4.pdf  used on inpu
t line 408.
(luatex.def)             Requested size: 452.96559pt x 226.48279pt.


[6</research_jude/rgs01_jude/dept/DNB/core_operations/Bioinformatics/dyergrp/Chr
oni_A/Patel_etal_3D2D/analyses/rshiny-app-cclf-cell-lines/plots/03-cluster-cell-
calling/RMS/Report-cluster-cell-calling-default_multiple-2025-07-16_files/figure
-latex/calculate-and-plot-clusters-2.pdf></research_jude/rgs01_jude/dept/DNB/cor
e_operations/Bioinformatics/dyergrp/Chroni_A/Patel_etal_3D2D/analyses/rshiny-app
-cclf-cell-lines/plots/03-cluster-cell-calling/RMS/Report-cluster-cell-calling-d
efault_multiple-2025-07-16_files/figure-latex/calculate-and-plot-clusters-3.pdf>
]
</research_jude/rgs01_jude/dept/DNB/core_operations/Bioinformatics/dyergrp/Chro
ni_A/Patel_etal_3D2D/analyses/rshiny-app-cclf-cell-lines/plots/03-cluster-cell-
calling/RMS/Report-cluster-cell-calling-default_multiple-2025-07-16_files/figur
e-latex/calculate-and-plot-clusters-5.pdf, id=111, 867.24pt x 433.62pt>
File: /research_jude/rgs01_jude/dept/DNB/core_operations/Bioinformatics/dyergrp
/Chroni_A/Patel_etal_3D2D/analyses/rshiny-app-cclf-cell-lines/plots/03-cluster-
cell-calling/RMS/Report-cluster-cell-calling-default_multiple-2025-07-16_files/
figure-latex/calculate-and-plot-clusters-5.pdf Graphic file (type pdf)
<use /research_jude/rgs01_jude/dept/DNB/core_operations/Bioinformatics/dyergrp/
Chroni_A/Patel_etal_3D2D/analyses/rshiny-app-cclf-cell-lines/plots/03-cluster-c
ell-calling/RMS/Report-cluster-cell-calling-default_multiple-2025-07-16_files/f
igure-latex/calculate-and-plot-clusters-5.pdf>
Package luatex.def Info: /research_jude/rgs01_jude/dept/DNB/core_operations/Bio
informatics/dyergrp/Chroni_A/Patel_etal_3D2D/analyses/rshiny-app-cclf-cell-line
s/plots/03-cluster-cell-calling/RMS/Report-cluster-cell-calling-default_multipl
e-2025-07-16_files/figure-latex/calculate-and-plot-clusters-5.pdf  used on inpu
t line 426.
(luatex.def)             Requested size: 452.96559pt x 226.48279pt.
</research_jude/rgs01_jude/dept/DNB/core_operations/Bioinformatics/dyergrp/Chro
ni_A/Patel_etal_3D2D/analyses/rshiny-app-cclf-cell-lines/plots/03-cluster-cell-
calling/RMS/Report-cluster-cell-calling-default_multiple-2025-07-16_files/figur
e-latex/calculate-and-plot-clusters-6.pdf, id=112, 867.24pt x 433.62pt>
File: /research_jude/rgs01_jude/dept/DNB/core_operations/Bioinformatics/dyergrp
/Chroni_A/Patel_etal_3D2D/analyses/rshiny-app-cclf-cell-lines/plots/03-cluster-
cell-calling/RMS/Report-cluster-cell-calling-default_multiple-2025-07-16_files/
figure-latex/calculate-and-plot-clusters-6.pdf Graphic file (type pdf)
<use /research_jude/rgs01_jude/dept/DNB/core_operations/Bioinformatics/dyergrp/
Chroni_A/Patel_etal_3D2D/analyses/rshiny-app-cclf-cell-lines/plots/03-cluster-c
ell-calling/RMS/Report-cluster-cell-calling-default_multiple-2025-07-16_files/f
igure-latex/calculate-and-plot-clusters-6.pdf>
Package luatex.def Info: /research_jude/rgs01_jude/dept/DNB/core_operations/Bio
informatics/dyergrp/Chroni_A/Patel_etal_3D2D/analyses/rshiny-app-cclf-cell-line
s/plots/03-cluster-cell-calling/RMS/Report-cluster-cell-calling-default_multipl
e-2025-07-16_files/figure-latex/calculate-and-plot-clusters-6.pdf  used on inpu
t line 444.
(luatex.def)             Requested size: 452.96559pt x 226.48279pt.


[7</research_jude/rgs01_jude/dept/DNB/core_operations/Bioinformatics/dyergrp/Chr
oni_A/Patel_etal_3D2D/analyses/rshiny-app-cclf-cell-lines/plots/03-cluster-cell-
calling/RMS/Report-cluster-cell-calling-default_multiple-2025-07-16_files/figure
-latex/calculate-and-plot-clusters-4.pdf></research_jude/rgs01_jude/dept/DNB/cor
e_operations/Bioinformatics/dyergrp/Chroni_A/Patel_etal_3D2D/analyses/rshiny-app
-cclf-cell-lines/plots/03-cluster-cell-calling/RMS/Report-cluster-cell-calling-d
efault_multiple-2025-07-16_files/figure-latex/calculate-and-plot-clusters-5.pdf>
]
</research_jude/rgs01_jude/dept/DNB/core_operations/Bioinformatics/dyergrp/Chro
ni_A/Patel_etal_3D2D/analyses/rshiny-app-cclf-cell-lines/plots/03-cluster-cell-
calling/RMS/Report-cluster-cell-calling-default_multiple-2025-07-16_files/figur
e-latex/calculate-and-plot-clusters-7.pdf, id=127, 867.24pt x 433.62pt>
File: /research_jude/rgs01_jude/dept/DNB/core_operations/Bioinformatics/dyergrp
/Chroni_A/Patel_etal_3D2D/analyses/rshiny-app-cclf-cell-lines/plots/03-cluster-
cell-calling/RMS/Report-cluster-cell-calling-default_multiple-2025-07-16_files/
figure-latex/calculate-and-plot-clusters-7.pdf Graphic file (type pdf)
<use /research_jude/rgs01_jude/dept/DNB/core_operations/Bioinformatics/dyergrp/
Chroni_A/Patel_etal_3D2D/analyses/rshiny-app-cclf-cell-lines/plots/03-cluster-c
ell-calling/RMS/Report-cluster-cell-calling-default_multiple-2025-07-16_files/f
igure-latex/calculate-and-plot-clusters-7.pdf>
Package luatex.def Info: /research_jude/rgs01_jude/dept/DNB/core_operations/Bio
informatics/dyergrp/Chroni_A/Patel_etal_3D2D/analyses/rshiny-app-cclf-cell-line
s/plots/03-cluster-cell-calling/RMS/Report-cluster-cell-calling-default_multipl
e-2025-07-16_files/figure-latex/calculate-and-plot-clusters-7.pdf  used on inpu
t line 462.
(luatex.def)             Requested size: 452.96559pt x 226.48279pt.
</research_jude/rgs01_jude/dept/DNB/core_operations/Bioinformatics/dyergrp/Chro
ni_A/Patel_etal_3D2D/analyses/rshiny-app-cclf-cell-lines/plots/03-cluster-cell-
calling/RMS/Report-cluster-cell-calling-default_multiple-2025-07-16_files/figur
e-latex/calculate-and-plot-clusters-8.pdf, id=128, 867.24pt x 433.62pt>
File: /research_jude/rgs01_jude/dept/DNB/core_operations/Bioinformatics/dyergrp
/Chroni_A/Patel_etal_3D2D/analyses/rshiny-app-cclf-cell-lines/plots/03-cluster-
cell-calling/RMS/Report-cluster-cell-calling-default_multiple-2025-07-16_files/
figure-latex/calculate-and-plot-clusters-8.pdf Graphic file (type pdf)
<use /research_jude/rgs01_jude/dept/DNB/core_operations/Bioinformatics/dyergrp/
Chroni_A/Patel_etal_3D2D/analyses/rshiny-app-cclf-cell-lines/plots/03-cluster-c
ell-calling/RMS/Report-cluster-cell-calling-default_multiple-2025-07-16_files/f
igure-latex/calculate-and-plot-clusters-8.pdf>
Package luatex.def Info: /research_jude/rgs01_jude/dept/DNB/core_operations/Bio
informatics/dyergrp/Chroni_A/Patel_etal_3D2D/analyses/rshiny-app-cclf-cell-line
s/plots/03-cluster-cell-calling/RMS/Report-cluster-cell-calling-default_multipl
e-2025-07-16_files/figure-latex/calculate-and-plot-clusters-8.pdf  used on inpu
t line 480.
(luatex.def)             Requested size: 452.96559pt x 226.48279pt.


[8</research_jude/rgs01_jude/dept/DNB/core_operations/Bioinformatics/dyergrp/Chr
oni_A/Patel_etal_3D2D/analyses/rshiny-app-cclf-cell-lines/plots/03-cluster-cell-
calling/RMS/Report-cluster-cell-calling-default_multiple-2025-07-16_files/figure
-latex/calculate-and-plot-clusters-6.pdf></research_jude/rgs01_jude/dept/DNB/cor
e_operations/Bioinformatics/dyergrp/Chroni_A/Patel_etal_3D2D/analyses/rshiny-app
-cclf-cell-lines/plots/03-cluster-cell-calling/RMS/Report-cluster-cell-calling-d
efault_multiple-2025-07-16_files/figure-latex/calculate-and-plot-clusters-7.pdf>
]
</research_jude/rgs01_jude/dept/DNB/core_operations/Bioinformatics/dyergrp/Chro
ni_A/Patel_etal_3D2D/analyses/rshiny-app-cclf-cell-lines/plots/03-cluster-cell-
calling/RMS/Report-cluster-cell-calling-default_multiple-2025-07-16_files/figur
e-latex/calculate-and-plot-clusters-9.pdf, id=143, 867.24pt x 433.62pt>
File: /research_jude/rgs01_jude/dept/DNB/core_operations/Bioinformatics/dyergrp
/Chroni_A/Patel_etal_3D2D/analyses/rshiny-app-cclf-cell-lines/plots/03-cluster-
cell-calling/RMS/Report-cluster-cell-calling-default_multiple-2025-07-16_files/
figure-latex/calculate-and-plot-clusters-9.pdf Graphic file (type pdf)
<use /research_jude/rgs01_jude/dept/DNB/core_operations/Bioinformatics/dyergrp/
Chroni_A/Patel_etal_3D2D/analyses/rshiny-app-cclf-cell-lines/plots/03-cluster-c
ell-calling/RMS/Report-cluster-cell-calling-default_multiple-2025-07-16_files/f
igure-latex/calculate-and-plot-clusters-9.pdf>
Package luatex.def Info: /research_jude/rgs01_jude/dept/DNB/core_operations/Bio
informatics/dyergrp/Chroni_A/Patel_etal_3D2D/analyses/rshiny-app-cclf-cell-line
s/plots/03-cluster-cell-calling/RMS/Report-cluster-cell-calling-default_multipl
e-2025-07-16_files/figure-latex/calculate-and-plot-clusters-9.pdf  used on inpu
t line 498.
(luatex.def)             Requested size: 452.96559pt x 226.48279pt.
</research_jude/rgs01_jude/dept/DNB/core_operations/Bioinformatics/dyergrp/Chro
ni_A/Patel_etal_3D2D/analyses/rshiny-app-cclf-cell-lines/plots/03-cluster-cell-
calling/RMS/Report-cluster-cell-calling-default_multiple-2025-07-16_files/figur
e-latex/calculate-and-plot-clusters-10.pdf, id=144, 867.24pt x 433.62pt>
File: /research_jude/rgs01_jude/dept/DNB/core_operations/Bioinformatics/dyergrp
/Chroni_A/Patel_etal_3D2D/analyses/rshiny-app-cclf-cell-lines/plots/03-cluster-
cell-calling/RMS/Report-cluster-cell-calling-default_multiple-2025-07-16_files/
figure-latex/calculate-and-plot-clusters-10.pdf Graphic file (type pdf)
<use /research_jude/rgs01_jude/dept/DNB/core_operations/Bioinformatics/dyergrp/
Chroni_A/Patel_etal_3D2D/analyses/rshiny-app-cclf-cell-lines/plots/03-cluster-c
ell-calling/RMS/Report-cluster-cell-calling-default_multiple-2025-07-16_files/f
igure-latex/calculate-and-plot-clusters-10.pdf>
Package luatex.def Info: /research_jude/rgs01_jude/dept/DNB/core_operations/Bio
informatics/dyergrp/Chroni_A/Patel_etal_3D2D/analyses/rshiny-app-cclf-cell-line
s/plots/03-cluster-cell-calling/RMS/Report-cluster-cell-calling-default_multipl
e-2025-07-16_files/figure-latex/calculate-and-plot-clusters-10.pdf  used on inp
ut line 516.
(luatex.def)             Requested size: 452.96559pt x 226.48279pt.


[9</research_jude/rgs01_jude/dept/DNB/core_operations/Bioinformatics/dyergrp/Chr
oni_A/Patel_etal_3D2D/analyses/rshiny-app-cclf-cell-lines/plots/03-cluster-cell-
calling/RMS/Report-cluster-cell-calling-default_multiple-2025-07-16_files/figure
-latex/calculate-and-plot-clusters-8.pdf></research_jude/rgs01_jude/dept/DNB/cor
e_operations/Bioinformatics/dyergrp/Chroni_A/Patel_etal_3D2D/analyses/rshiny-app
-cclf-cell-lines/plots/03-cluster-cell-calling/RMS/Report-cluster-cell-calling-d
efault_multiple-2025-07-16_files/figure-latex/calculate-and-plot-clusters-9.pdf>
]
</research_jude/rgs01_jude/dept/DNB/core_operations/Bioinformatics/dyergrp/Chro
ni_A/Patel_etal_3D2D/analyses/rshiny-app-cclf-cell-lines/plots/03-cluster-cell-
calling/RMS/Report-cluster-cell-calling-default_multiple-2025-07-16_files/figur
e-latex/calculate-and-plot-clusters-11.pdf, id=160, 867.24pt x 433.62pt>
File: /research_jude/rgs01_jude/dept/DNB/core_operations/Bioinformatics/dyergrp
/Chroni_A/Patel_etal_3D2D/analyses/rshiny-app-cclf-cell-lines/plots/03-cluster-
cell-calling/RMS/Report-cluster-cell-calling-default_multiple-2025-07-16_files/
figure-latex/calculate-and-plot-clusters-11.pdf Graphic file (type pdf)
<use /research_jude/rgs01_jude/dept/DNB/core_operations/Bioinformatics/dyergrp/
Chroni_A/Patel_etal_3D2D/analyses/rshiny-app-cclf-cell-lines/plots/03-cluster-c
ell-calling/RMS/Report-cluster-cell-calling-default_multiple-2025-07-16_files/f
igure-latex/calculate-and-plot-clusters-11.pdf>
Package luatex.def Info: /research_jude/rgs01_jude/dept/DNB/core_operations/Bio
informatics/dyergrp/Chroni_A/Patel_etal_3D2D/analyses/rshiny-app-cclf-cell-line
s/plots/03-cluster-cell-calling/RMS/Report-cluster-cell-calling-default_multipl
e-2025-07-16_files/figure-latex/calculate-and-plot-clusters-11.pdf  used on inp
ut line 534.
(luatex.def)             Requested size: 452.96559pt x 226.48279pt.
</research_jude/rgs01_jude/dept/DNB/core_operations/Bioinformatics/dyergrp/Chro
ni_A/Patel_etal_3D2D/analyses/rshiny-app-cclf-cell-lines/plots/03-cluster-cell-
calling/RMS/Report-cluster-cell-calling-default_multiple-2025-07-16_files/figur
e-latex/calculate-and-plot-clusters-12.pdf, id=161, 867.24pt x 433.62pt>
File: /research_jude/rgs01_jude/dept/DNB/core_operations/Bioinformatics/dyergrp
/Chroni_A/Patel_etal_3D2D/analyses/rshiny-app-cclf-cell-lines/plots/03-cluster-
cell-calling/RMS/Report-cluster-cell-calling-default_multiple-2025-07-16_files/
figure-latex/calculate-and-plot-clusters-12.pdf Graphic file (type pdf)
<use /research_jude/rgs01_jude/dept/DNB/core_operations/Bioinformatics/dyergrp/
Chroni_A/Patel_etal_3D2D/analyses/rshiny-app-cclf-cell-lines/plots/03-cluster-c
ell-calling/RMS/Report-cluster-cell-calling-default_multiple-2025-07-16_files/f
igure-latex/calculate-and-plot-clusters-12.pdf>
Package luatex.def Info: /research_jude/rgs01_jude/dept/DNB/core_operations/Bio
informatics/dyergrp/Chroni_A/Patel_etal_3D2D/analyses/rshiny-app-cclf-cell-line
s/plots/03-cluster-cell-calling/RMS/Report-cluster-cell-calling-default_multipl
e-2025-07-16_files/figure-latex/calculate-and-plot-clusters-12.pdf  used on inp
ut line 552.
(luatex.def)             Requested size: 452.96559pt x 226.48279pt.


[10</research_jude/rgs01_jude/dept/DNB/core_operations/Bioinformatics/dyergrp/Ch
roni_A/Patel_etal_3D2D/analyses/rshiny-app-cclf-cell-lines/plots/03-cluster-cell
-calling/RMS/Report-cluster-cell-calling-default_multiple-2025-07-16_files/figur
e-latex/calculate-and-plot-clusters-10.pdf></research_jude/rgs01_jude/dept/DNB/c
ore_operations/Bioinformatics/dyergrp/Chroni_A/Patel_etal_3D2D/analyses/rshiny-a
pp-cclf-cell-lines/plots/03-cluster-cell-calling/RMS/Report-cluster-cell-calling
-default_multiple-2025-07-16_files/figure-latex/calculate-and-plot-clusters-11.p
df>]
</research_jude/rgs01_jude/dept/DNB/core_operations/Bioinformatics/dyergrp/Chro
ni_A/Patel_etal_3D2D/analyses/rshiny-app-cclf-cell-lines/plots/03-cluster-cell-
calling/RMS/Report-cluster-cell-calling-default_multiple-2025-07-16_files/figur
e-latex/calculate-and-plot-clusters-13.pdf, id=176, 867.24pt x 433.62pt>
File: /research_jude/rgs01_jude/dept/DNB/core_operations/Bioinformatics/dyergrp
/Chroni_A/Patel_etal_3D2D/analyses/rshiny-app-cclf-cell-lines/plots/03-cluster-
cell-calling/RMS/Report-cluster-cell-calling-default_multiple-2025-07-16_files/
figure-latex/calculate-and-plot-clusters-13.pdf Graphic file (type pdf)
<use /research_jude/rgs01_jude/dept/DNB/core_operations/Bioinformatics/dyergrp/
Chroni_A/Patel_etal_3D2D/analyses/rshiny-app-cclf-cell-lines/plots/03-cluster-c
ell-calling/RMS/Report-cluster-cell-calling-default_multiple-2025-07-16_files/f
igure-latex/calculate-and-plot-clusters-13.pdf>
Package luatex.def Info: /research_jude/rgs01_jude/dept/DNB/core_operations/Bio
informatics/dyergrp/Chroni_A/Patel_etal_3D2D/analyses/rshiny-app-cclf-cell-line
s/plots/03-cluster-cell-calling/RMS/Report-cluster-cell-calling-default_multipl
e-2025-07-16_files/figure-latex/calculate-and-plot-clusters-13.pdf  used on inp
ut line 570.
(luatex.def)             Requested size: 452.96559pt x 226.48279pt.
</research_jude/rgs01_jude/dept/DNB/core_operations/Bioinformatics/dyergrp/Chro
ni_A/Patel_etal_3D2D/analyses/rshiny-app-cclf-cell-lines/plots/03-cluster-cell-
calling/RMS/Report-cluster-cell-calling-default_multiple-2025-07-16_files/figur
e-latex/calculate-and-plot-clusters-14.pdf, id=177, 867.24pt x 433.62pt>
File: /research_jude/rgs01_jude/dept/DNB/core_operations/Bioinformatics/dyergrp
/Chroni_A/Patel_etal_3D2D/analyses/rshiny-app-cclf-cell-lines/plots/03-cluster-
cell-calling/RMS/Report-cluster-cell-calling-default_multiple-2025-07-16_files/
figure-latex/calculate-and-plot-clusters-14.pdf Graphic file (type pdf)
<use /research_jude/rgs01_jude/dept/DNB/core_operations/Bioinformatics/dyergrp/
Chroni_A/Patel_etal_3D2D/analyses/rshiny-app-cclf-cell-lines/plots/03-cluster-c
ell-calling/RMS/Report-cluster-cell-calling-default_multiple-2025-07-16_files/f
igure-latex/calculate-and-plot-clusters-14.pdf>
Package luatex.def Info: /research_jude/rgs01_jude/dept/DNB/core_operations/Bio
informatics/dyergrp/Chroni_A/Patel_etal_3D2D/analyses/rshiny-app-cclf-cell-line
s/plots/03-cluster-cell-calling/RMS/Report-cluster-cell-calling-default_multipl
e-2025-07-16_files/figure-latex/calculate-and-plot-clusters-14.pdf  used on inp
ut line 588.
(luatex.def)             Requested size: 452.96559pt x 226.48279pt.


[11</research_jude/rgs01_jude/dept/DNB/core_operations/Bioinformatics/dyergrp/Ch
roni_A/Patel_etal_3D2D/analyses/rshiny-app-cclf-cell-lines/plots/03-cluster-cell
-calling/RMS/Report-cluster-cell-calling-default_multiple-2025-07-16_files/figur
e-latex/calculate-and-plot-clusters-12.pdf></research_jude/rgs01_jude/dept/DNB/c
ore_operations/Bioinformatics/dyergrp/Chroni_A/Patel_etal_3D2D/analyses/rshiny-a
pp-cclf-cell-lines/plots/03-cluster-cell-calling/RMS/Report-cluster-cell-calling
-default_multiple-2025-07-16_files/figure-latex/calculate-and-plot-clusters-13.p
df>]
</research_jude/rgs01_jude/dept/DNB/core_operations/Bioinformatics/dyergrp/Chro
ni_A/Patel_etal_3D2D/analyses/rshiny-app-cclf-cell-lines/plots/03-cluster-cell-
calling/RMS/Report-cluster-cell-calling-default_multiple-2025-07-16_files/figur
e-latex/calculate-and-plot-clusters-15.pdf, id=193, 867.24pt x 433.62pt>
File: /research_jude/rgs01_jude/dept/DNB/core_operations/Bioinformatics/dyergrp
/Chroni_A/Patel_etal_3D2D/analyses/rshiny-app-cclf-cell-lines/plots/03-cluster-
cell-calling/RMS/Report-cluster-cell-calling-default_multiple-2025-07-16_files/
figure-latex/calculate-and-plot-clusters-15.pdf Graphic file (type pdf)
<use /research_jude/rgs01_jude/dept/DNB/core_operations/Bioinformatics/dyergrp/
Chroni_A/Patel_etal_3D2D/analyses/rshiny-app-cclf-cell-lines/plots/03-cluster-c
ell-calling/RMS/Report-cluster-cell-calling-default_multiple-2025-07-16_files/f
igure-latex/calculate-and-plot-clusters-15.pdf>
Package luatex.def Info: /research_jude/rgs01_jude/dept/DNB/core_operations/Bio
informatics/dyergrp/Chroni_A/Patel_etal_3D2D/analyses/rshiny-app-cclf-cell-line
s/plots/03-cluster-cell-calling/RMS/Report-cluster-cell-calling-default_multipl
e-2025-07-16_files/figure-latex/calculate-and-plot-clusters-15.pdf  used on inp
ut line 606.
(luatex.def)             Requested size: 452.96559pt x 226.48279pt.
</research_jude/rgs01_jude/dept/DNB/core_operations/Bioinformatics/dyergrp/Chro
ni_A/Patel_etal_3D2D/analyses/rshiny-app-cclf-cell-lines/plots/03-cluster-cell-
calling/RMS/Report-cluster-cell-calling-default_multiple-2025-07-16_files/figur
e-latex/calculate-and-plot-clusters-16.pdf, id=194, 867.24pt x 433.62pt>
File: /research_jude/rgs01_jude/dept/DNB/core_operations/Bioinformatics/dyergrp
/Chroni_A/Patel_etal_3D2D/analyses/rshiny-app-cclf-cell-lines/plots/03-cluster-
cell-calling/RMS/Report-cluster-cell-calling-default_multiple-2025-07-16_files/
figure-latex/calculate-and-plot-clusters-16.pdf Graphic file (type pdf)
<use /research_jude/rgs01_jude/dept/DNB/core_operations/Bioinformatics/dyergrp/
Chroni_A/Patel_etal_3D2D/analyses/rshiny-app-cclf-cell-lines/plots/03-cluster-c
ell-calling/RMS/Report-cluster-cell-calling-default_multiple-2025-07-16_files/f
igure-latex/calculate-and-plot-clusters-16.pdf>
Package luatex.def Info: /research_jude/rgs01_jude/dept/DNB/core_operations/Bio
informatics/dyergrp/Chroni_A/Patel_etal_3D2D/analyses/rshiny-app-cclf-cell-line
s/plots/03-cluster-cell-calling/RMS/Report-cluster-cell-calling-default_multipl
e-2025-07-16_files/figure-latex/calculate-and-plot-clusters-16.pdf  used on inp
ut line 624.
(luatex.def)             Requested size: 452.96559pt x 226.48279pt.


[12</research_jude/rgs01_jude/dept/DNB/core_operations/Bioinformatics/dyergrp/Ch
roni_A/Patel_etal_3D2D/analyses/rshiny-app-cclf-cell-lines/plots/03-cluster-cell
-calling/RMS/Report-cluster-cell-calling-default_multiple-2025-07-16_files/figur
e-latex/calculate-and-plot-clusters-14.pdf></research_jude/rgs01_jude/dept/DNB/c
ore_operations/Bioinformatics/dyergrp/Chroni_A/Patel_etal_3D2D/analyses/rshiny-a
pp-cclf-cell-lines/plots/03-cluster-cell-calling/RMS/Report-cluster-cell-calling
-default_multiple-2025-07-16_files/figure-latex/calculate-and-plot-clusters-15.p
df>]
</research_jude/rgs01_jude/dept/DNB/core_operations/Bioinformatics/dyergrp/Chro
ni_A/Patel_etal_3D2D/analyses/rshiny-app-cclf-cell-lines/plots/03-cluster-cell-
calling/RMS/Report-cluster-cell-calling-default_multiple-2025-07-16_files/figur
e-latex/calculate-and-plot-clusters-17.pdf, id=209, 867.24pt x 433.62pt>
File: /research_jude/rgs01_jude/dept/DNB/core_operations/Bioinformatics/dyergrp
/Chroni_A/Patel_etal_3D2D/analyses/rshiny-app-cclf-cell-lines/plots/03-cluster-
cell-calling/RMS/Report-cluster-cell-calling-default_multiple-2025-07-16_files/
figure-latex/calculate-and-plot-clusters-17.pdf Graphic file (type pdf)
<use /research_jude/rgs01_jude/dept/DNB/core_operations/Bioinformatics/dyergrp/
Chroni_A/Patel_etal_3D2D/analyses/rshiny-app-cclf-cell-lines/plots/03-cluster-c
ell-calling/RMS/Report-cluster-cell-calling-default_multiple-2025-07-16_files/f
igure-latex/calculate-and-plot-clusters-17.pdf>
Package luatex.def Info: /research_jude/rgs01_jude/dept/DNB/core_operations/Bio
informatics/dyergrp/Chroni_A/Patel_etal_3D2D/analyses/rshiny-app-cclf-cell-line
s/plots/03-cluster-cell-calling/RMS/Report-cluster-cell-calling-default_multipl
e-2025-07-16_files/figure-latex/calculate-and-plot-clusters-17.pdf  used on inp
ut line 642.
(luatex.def)             Requested size: 452.96559pt x 226.48279pt.
</research_jude/rgs01_jude/dept/DNB/core_operations/Bioinformatics/dyergrp/Chro
ni_A/Patel_etal_3D2D/analyses/rshiny-app-cclf-cell-lines/plots/03-cluster-cell-
calling/RMS/Report-cluster-cell-calling-default_multiple-2025-07-16_files/figur
e-latex/calculate-and-plot-clusters-18.pdf, id=210, 867.24pt x 433.62pt>
File: /research_jude/rgs01_jude/dept/DNB/core_operations/Bioinformatics/dyergrp
/Chroni_A/Patel_etal_3D2D/analyses/rshiny-app-cclf-cell-lines/plots/03-cluster-
cell-calling/RMS/Report-cluster-cell-calling-default_multiple-2025-07-16_files/
figure-latex/calculate-and-plot-clusters-18.pdf Graphic file (type pdf)
<use /research_jude/rgs01_jude/dept/DNB/core_operations/Bioinformatics/dyergrp/
Chroni_A/Patel_etal_3D2D/analyses/rshiny-app-cclf-cell-lines/plots/03-cluster-c
ell-calling/RMS/Report-cluster-cell-calling-default_multiple-2025-07-16_files/f
igure-latex/calculate-and-plot-clusters-18.pdf>
Package luatex.def Info: /research_jude/rgs01_jude/dept/DNB/core_operations/Bio
informatics/dyergrp/Chroni_A/Patel_etal_3D2D/analyses/rshiny-app-cclf-cell-line
s/plots/03-cluster-cell-calling/RMS/Report-cluster-cell-calling-default_multipl
e-2025-07-16_files/figure-latex/calculate-and-plot-clusters-18.pdf  used on inp
ut line 660.
(luatex.def)             Requested size: 452.96559pt x 226.48279pt.


[13</research_jude/rgs01_jude/dept/DNB/core_operations/Bioinformatics/dyergrp/Ch
roni_A/Patel_etal_3D2D/analyses/rshiny-app-cclf-cell-lines/plots/03-cluster-cell
-calling/RMS/Report-cluster-cell-calling-default_multiple-2025-07-16_files/figur
e-latex/calculate-and-plot-clusters-16.pdf></research_jude/rgs01_jude/dept/DNB/c
ore_operations/Bioinformatics/dyergrp/Chroni_A/Patel_etal_3D2D/analyses/rshiny-a
pp-cclf-cell-lines/plots/03-cluster-cell-calling/RMS/Report-cluster-cell-calling
-default_multiple-2025-07-16_files/figure-latex/calculate-and-plot-clusters-17.p
df>]
</research_jude/rgs01_jude/dept/DNB/core_operations/Bioinformatics/dyergrp/Chro
ni_A/Patel_etal_3D2D/analyses/rshiny-app-cclf-cell-lines/plots/03-cluster-cell-
calling/RMS/Report-cluster-cell-calling-default_multiple-2025-07-16_files/figur
e-latex/calculate-and-plot-clusters-19.pdf, id=225, 867.24pt x 433.62pt>
File: /research_jude/rgs01_jude/dept/DNB/core_operations/Bioinformatics/dyergrp
/Chroni_A/Patel_etal_3D2D/analyses/rshiny-app-cclf-cell-lines/plots/03-cluster-
cell-calling/RMS/Report-cluster-cell-calling-default_multiple-2025-07-16_files/
figure-latex/calculate-and-plot-clusters-19.pdf Graphic file (type pdf)
<use /research_jude/rgs01_jude/dept/DNB/core_operations/Bioinformatics/dyergrp/
Chroni_A/Patel_etal_3D2D/analyses/rshiny-app-cclf-cell-lines/plots/03-cluster-c
ell-calling/RMS/Report-cluster-cell-calling-default_multiple-2025-07-16_files/f
igure-latex/calculate-and-plot-clusters-19.pdf>
Package luatex.def Info: /research_jude/rgs01_jude/dept/DNB/core_operations/Bio
informatics/dyergrp/Chroni_A/Patel_etal_3D2D/analyses/rshiny-app-cclf-cell-line
s/plots/03-cluster-cell-calling/RMS/Report-cluster-cell-calling-default_multipl
e-2025-07-16_files/figure-latex/calculate-and-plot-clusters-19.pdf  used on inp
ut line 678.
(luatex.def)             Requested size: 452.96559pt x 226.48279pt.
</research_jude/rgs01_jude/dept/DNB/core_operations/Bioinformatics/dyergrp/Chro
ni_A/Patel_etal_3D2D/analyses/rshiny-app-cclf-cell-lines/plots/03-cluster-cell-
calling/RMS/Report-cluster-cell-calling-default_multiple-2025-07-16_files/figur
e-latex/calculate-and-plot-clusters-20.pdf, id=226, 867.24pt x 433.62pt>
File: /research_jude/rgs01_jude/dept/DNB/core_operations/Bioinformatics/dyergrp
/Chroni_A/Patel_etal_3D2D/analyses/rshiny-app-cclf-cell-lines/plots/03-cluster-
cell-calling/RMS/Report-cluster-cell-calling-default_multiple-2025-07-16_files/
figure-latex/calculate-and-plot-clusters-20.pdf Graphic file (type pdf)
<use /research_jude/rgs01_jude/dept/DNB/core_operations/Bioinformatics/dyergrp/
Chroni_A/Patel_etal_3D2D/analyses/rshiny-app-cclf-cell-lines/plots/03-cluster-c
ell-calling/RMS/Report-cluster-cell-calling-default_multiple-2025-07-16_files/f
igure-latex/calculate-and-plot-clusters-20.pdf>
Package luatex.def Info: /research_jude/rgs01_jude/dept/DNB/core_operations/Bio
informatics/dyergrp/Chroni_A/Patel_etal_3D2D/analyses/rshiny-app-cclf-cell-line
s/plots/03-cluster-cell-calling/RMS/Report-cluster-cell-calling-default_multipl
e-2025-07-16_files/figure-latex/calculate-and-plot-clusters-20.pdf  used on inp
ut line 696.
(luatex.def)             Requested size: 452.96559pt x 226.48279pt.


[14</research_jude/rgs01_jude/dept/DNB/core_operations/Bioinformatics/dyergrp/Ch
roni_A/Patel_etal_3D2D/analyses/rshiny-app-cclf-cell-lines/plots/03-cluster-cell
-calling/RMS/Report-cluster-cell-calling-default_multiple-2025-07-16_files/figur
e-latex/calculate-and-plot-clusters-18.pdf></research_jude/rgs01_jude/dept/DNB/c
ore_operations/Bioinformatics/dyergrp/Chroni_A/Patel_etal_3D2D/analyses/rshiny-a
pp-cclf-cell-lines/plots/03-cluster-cell-calling/RMS/Report-cluster-cell-calling
-default_multiple-2025-07-16_files/figure-latex/calculate-and-plot-clusters-19.p
df>]
</research_jude/rgs01_jude/dept/DNB/core_operations/Bioinformatics/dyergrp/Chro
ni_A/Patel_etal_3D2D/analyses/rshiny-app-cclf-cell-lines/plots/03-cluster-cell-
calling/RMS/Report-cluster-cell-calling-default_multiple-2025-07-16_files/figur
e-latex/calculate-and-plot-clusters-21.pdf, id=241, 867.24pt x 433.62pt>
File: /research_jude/rgs01_jude/dept/DNB/core_operations/Bioinformatics/dyergrp
/Chroni_A/Patel_etal_3D2D/analyses/rshiny-app-cclf-cell-lines/plots/03-cluster-
cell-calling/RMS/Report-cluster-cell-calling-default_multiple-2025-07-16_files/
figure-latex/calculate-and-plot-clusters-21.pdf Graphic file (type pdf)
<use /research_jude/rgs01_jude/dept/DNB/core_operations/Bioinformatics/dyergrp/
Chroni_A/Patel_etal_3D2D/analyses/rshiny-app-cclf-cell-lines/plots/03-cluster-c
ell-calling/RMS/Report-cluster-cell-calling-default_multiple-2025-07-16_files/f
igure-latex/calculate-and-plot-clusters-21.pdf>
Package luatex.def Info: /research_jude/rgs01_jude/dept/DNB/core_operations/Bio
informatics/dyergrp/Chroni_A/Patel_etal_3D2D/analyses/rshiny-app-cclf-cell-line
s/plots/03-cluster-cell-calling/RMS/Report-cluster-cell-calling-default_multipl
e-2025-07-16_files/figure-latex/calculate-and-plot-clusters-21.pdf  used on inp
ut line 702.
(luatex.def)             Requested size: 452.96559pt x 226.48279pt.
</research_jude/rgs01_jude/dept/DNB/core_operations/Bioinformatics/dyergrp/Chro
ni_A/Patel_etal_3D2D/analyses/rshiny-app-cclf-cell-lines/plots/03-cluster-cell-
calling/RMS/Report-cluster-cell-calling-default_multiple-2025-07-16_files/figur
e-latex/calculate-and-plot-clusters-22.pdf, id=242, 867.24pt x 433.62pt>
File: /research_jude/rgs01_jude/dept/DNB/core_operations/Bioinformatics/dyergrp
/Chroni_A/Patel_etal_3D2D/analyses/rshiny-app-cclf-cell-lines/plots/03-cluster-
cell-calling/RMS/Report-cluster-cell-calling-default_multiple-2025-07-16_files/
figure-latex/calculate-and-plot-clusters-22.pdf Graphic file (type pdf)
<use /research_jude/rgs01_jude/dept/DNB/core_operations/Bioinformatics/dyergrp/
Chroni_A/Patel_etal_3D2D/analyses/rshiny-app-cclf-cell-lines/plots/03-cluster-c
ell-calling/RMS/Report-cluster-cell-calling-default_multiple-2025-07-16_files/f
igure-latex/calculate-and-plot-clusters-22.pdf>
Package luatex.def Info: /research_jude/rgs01_jude/dept/DNB/core_operations/Bio
informatics/dyergrp/Chroni_A/Patel_etal_3D2D/analyses/rshiny-app-cclf-cell-line
s/plots/03-cluster-cell-calling/RMS/Report-cluster-cell-calling-default_multipl
e-2025-07-16_files/figure-latex/calculate-and-plot-clusters-22.pdf  used on inp
ut line 704.
(luatex.def)             Requested size: 452.96559pt x 226.48279pt.


[15</research_jude/rgs01_jude/dept/DNB/core_operations/Bioinformatics/dyergrp/Ch
roni_A/Patel_etal_3D2D/analyses/rshiny-app-cclf-cell-lines/plots/03-cluster-cell
-calling/RMS/Report-cluster-cell-calling-default_multiple-2025-07-16_files/figur
e-latex/calculate-and-plot-clusters-20.pdf></research_jude/rgs01_jude/dept/DNB/c
ore_operations/Bioinformatics/dyergrp/Chroni_A/Patel_etal_3D2D/analyses/rshiny-a
pp-cclf-cell-lines/plots/03-cluster-cell-calling/RMS/Report-cluster-cell-calling
-default_multiple-2025-07-16_files/figure-latex/calculate-and-plot-clusters-21.p
df>]
Overfull \hbox (317.36444pt too wide) in paragraph at lines 1228--1228
[]\TU/lmtt/m/n/10.95 ##                                                        
                                                                       FASTQ[] 

 []


Overfull \hbox (248.37946pt too wide) in paragraph at lines 1228--1228
[]\TU/lmtt/m/n/10.95 ## DYE1680:AAACCCAAGAGTCAGC /research/groups/dyergrp/projec
ts/dyergrp_hartwell/common/illumina/dyergrp_311618_10XscRNAseq-
 []


Overfull \hbox (248.37946pt too wide) in paragraph at lines 1228--1228
[]\TU/lmtt/m/n/10.95 ## DYE1680:AAACCCAAGATACCAA /research/groups/dyergrp/projec
ts/dyergrp_hartwell/common/illumina/dyergrp_311618_10XscRNAseq-
 []


Overfull \hbox (248.37946pt too wide) in paragraph at lines 1228--1228
[]\TU/lmtt/m/n/10.95 ## DYE1680:AAACCCAAGCTTCTAG /research/groups/dyergrp/projec
ts/dyergrp_hartwell/common/illumina/dyergrp_311618_10XscRNAseq-
 []


Overfull \hbox (248.37946pt too wide) in paragraph at lines 1228--1228
[]\TU/lmtt/m/n/10.95 ## DYE1680:AAACCCACACTGGATT /research/groups/dyergrp/projec
ts/dyergrp_hartwell/common/illumina/dyergrp_311618_10XscRNAseq-
 []


Overfull \hbox (248.37946pt too wide) in paragraph at lines 1228--1228
[]\TU/lmtt/m/n/10.95 ## DYE1680:AAACCCACAGAAGTGC /research/groups/dyergrp/projec
ts/dyergrp_hartwell/common/illumina/dyergrp_311618_10XscRNAseq-
 []


Overfull \hbox (248.37946pt too wide) in paragraph at lines 1228--1228
[]\TU/lmtt/m/n/10.95 ## DYE1680:AAACCCAGTAAGAACT /research/groups/dyergrp/projec
ts/dyergrp_hartwell/common/illumina/dyergrp_311618_10XscRNAseq-
 []



[16</research_jude/rgs01_jude/dept/DNB/core_operations/Bioinformatics/dyergrp/Ch
roni_A/Patel_etal_3D2D/analyses/rshiny-app-cclf-cell-lines/plots/03-cluster-cell
-calling/RMS/Report-cluster-cell-calling-default_multiple-2025-07-16_files/figur
e-latex/calculate-and-plot-clusters-22.pdf>]
Overfull \hbox (12.68076pt too wide) in paragraph at lines 1228--1228
[]\TU/lmtt/m/n/10.95 ##                          tissue_type assay_technology_up
dated assay_technology[] 
 []


Overfull \hbox (12.68076pt too wide) in paragraph at lines 1228--1228
[]\TU/lmtt/m/n/10.95 ## DYE1680:AAACCCAAGAGTCAGC  CCLF_cells             10x_scR
NAseq        snRNA seq[] 
 []


Overfull \hbox (12.68076pt too wide) in paragraph at lines 1228--1228
[]\TU/lmtt/m/n/10.95 ## DYE1680:AAACCCAAGATACCAA  CCLF_cells             10x_scR
NAseq        snRNA seq[] 
 []


Overfull \hbox (12.68076pt too wide) in paragraph at lines 1228--1228
[]\TU/lmtt/m/n/10.95 ## DYE1680:AAACCCAAGCTTCTAG  CCLF_cells             10x_scR
NAseq        snRNA seq[] 
 []


Overfull \hbox (12.68076pt too wide) in paragraph at lines 1228--1228
[]\TU/lmtt/m/n/10.95 ## DYE1680:AAACCCACACTGGATT  CCLF_cells             10x_scR
NAseq        snRNA seq[] 
 []


Overfull \hbox (12.68076pt too wide) in paragraph at lines 1228--1228
[]\TU/lmtt/m/n/10.95 ## DYE1680:AAACCCACAGAAGTGC  CCLF_cells             10x_scR
NAseq        snRNA seq[] 
 []


Overfull \hbox (12.68076pt too wide) in paragraph at lines 1228--1228
[]\TU/lmtt/m/n/10.95 ## DYE1680:AAACCCAGTAAGAACT  CCLF_cells             10x_scR
NAseq        snRNA seq[] 
 []


Overfull \hbox (259.87695pt too wide) in paragraph at lines 1228--1228
[]\TU/lmtt/m/n/10.95 ##                                                        
                                                         FASTQ_old[] 
 []


Overfull \hbox (248.37946pt too wide) in paragraph at lines 1228--1228
[]\TU/lmtt/m/n/10.95 ## DYE1680:AAACCCAAGAGTCAGC /research/groups/dyergrp/projec
ts/dyergrp_hartwell/common/illumina/dyergrp_841877_10XscRNAseq-
 []


Overfull \hbox (248.37946pt too wide) in paragraph at lines 1228--1228
[]\TU/lmtt/m/n/10.95 ## DYE1680:AAACCCAAGATACCAA /research/groups/dyergrp/projec
ts/dyergrp_hartwell/common/illumina/dyergrp_841877_10XscRNAseq-
 []


Overfull \hbox (248.37946pt too wide) in paragraph at lines 1228--1228
[]\TU/lmtt/m/n/10.95 ## DYE1680:AAACCCAAGCTTCTAG /research/groups/dyergrp/projec
ts/dyergrp_hartwell/common/illumina/dyergrp_841877_10XscRNAseq-
 []


Overfull \hbox (248.37946pt too wide) in paragraph at lines 1228--1228
[]\TU/lmtt/m/n/10.95 ## DYE1680:AAACCCACACTGGATT /research/groups/dyergrp/projec
ts/dyergrp_hartwell/common/illumina/dyergrp_841877_10XscRNAseq-
 []


Overfull \hbox (248.37946pt too wide) in paragraph at lines 1228--1228
[]\TU/lmtt/m/n/10.95 ## DYE1680:AAACCCACAGAAGTGC /research/groups/dyergrp/projec
ts/dyergrp_hartwell/common/illumina/dyergrp_841877_10XscRNAseq-
 []


Overfull \hbox (248.37946pt too wide) in paragraph at lines 1228--1228
[]\TU/lmtt/m/n/10.95 ## DYE1680:AAACCCAGTAAGAACT /research/groups/dyergrp/projec
ts/dyergrp_hartwell/common/illumina/dyergrp_841877_10XscRNAseq-
 []


Overfull \hbox (18.4295pt too wide) in paragraph at lines 1228--1228
[]\TU/lmtt/m/n/10.95 ##                          SRM_updated    SRM SRM_Sample_I
D_updated SRM_Sample_ID[] 
 []



[17]
Overfull \hbox (18.4295pt too wide) in paragraph at lines 1228--1228
[]\TU/lmtt/m/n/10.95 ## DYE1680:AAACCCAAGAGTCAGC      311618 311618            
   2664137       2664137[] 
 []


Overfull \hbox (18.4295pt too wide) in paragraph at lines 1228--1228
[]\TU/lmtt/m/n/10.95 ## DYE1680:AAACCCAAGATACCAA      311618 311618            
   2664137       2664137[] 
 []


Overfull \hbox (18.4295pt too wide) in paragraph at lines 1228--1228
[]\TU/lmtt/m/n/10.95 ## DYE1680:AAACCCAAGCTTCTAG      311618 311618            
   2664137       2664137[] 
 []


Overfull \hbox (18.4295pt too wide) in paragraph at lines 1228--1228
[]\TU/lmtt/m/n/10.95 ## DYE1680:AAACCCACACTGGATT      311618 311618            
   2664137       2664137[] 
 []


Overfull \hbox (18.4295pt too wide) in paragraph at lines 1228--1228
[]\TU/lmtt/m/n/10.95 ## DYE1680:AAACCCACAGAAGTGC      311618 311618            
   2664137       2664137[] 
 []


Overfull \hbox (18.4295pt too wide) in paragraph at lines 1228--1228
[]\TU/lmtt/m/n/10.95 ## DYE1680:AAACCCAGTAAGAACT      311618 311618            
   2664137       2664137[] 
 []


Overfull \hbox (18.4295pt too wide) in paragraph at lines 1228--1228
[]\TU/lmtt/m/n/10.95 ##                          Xenograft_CompBio_ID CSTN_MAST_
ID                 Date[] 
 []


Overfull \hbox (18.4295pt too wide) in paragraph at lines 1228--1228
[]\TU/lmtt/m/n/10.95 ## DYE1680:AAACCCAAGAGTCAGC       SJRHB000026_X1       MAST
39 2023-10-23T00:00:00Z[] 
 []


Overfull \hbox (18.4295pt too wide) in paragraph at lines 1228--1228
[]\TU/lmtt/m/n/10.95 ## DYE1680:AAACCCAAGATACCAA       SJRHB000026_X1       MAST
39 2023-10-23T00:00:00Z[] 
 []


Overfull \hbox (18.4295pt too wide) in paragraph at lines 1228--1228
[]\TU/lmtt/m/n/10.95 ## DYE1680:AAACCCAAGCTTCTAG       SJRHB000026_X1       MAST
39 2023-10-23T00:00:00Z[] 
 []


Overfull \hbox (18.4295pt too wide) in paragraph at lines 1228--1228
[]\TU/lmtt/m/n/10.95 ## DYE1680:AAACCCACACTGGATT       SJRHB000026_X1       MAST
39 2023-10-23T00:00:00Z[] 
 []


Overfull \hbox (18.4295pt too wide) in paragraph at lines 1228--1228
[]\TU/lmtt/m/n/10.95 ## DYE1680:AAACCCACAGAAGTGC       SJRHB000026_X1       MAST
39 2023-10-23T00:00:00Z[] 
 []


Overfull \hbox (18.4295pt too wide) in paragraph at lines 1228--1228
[]\TU/lmtt/m/n/10.95 ## DYE1680:AAACCCAGTAAGAACT       SJRHB000026_X1       MAST
39 2023-10-23T00:00:00Z[] 
 []


Overfull \hbox (12.68076pt too wide) in paragraph at lines 1228--1228
[]\TU/lmtt/m/n/10.95 ##                          Compbioname_for_publications  
   Comp_Bio_Sample_Name[] 
 []


Underfull \hbox (badness 10000) in paragraph at lines 1228--1228
[]\TU/lmtt/m/n/10.95 ## DYE1680:AAACCCAAGAGTCAGC               SJRHB000026_C5 SJ
RHB000026_C5-
 []


Underfull \hbox (badness 10000) in paragraph at lines 1228--1228
[]\TU/lmtt/m/n/10.95 ## DYE1680:AAACCCAAGATACCAA               SJRHB000026_C5 SJ
RHB000026_C5-
 []


Underfull \hbox (badness 10000) in paragraph at lines 1228--1228
[]\TU/lmtt/m/n/10.95 ## DYE1680:AAACCCAAGCTTCTAG               SJRHB000026_C5 SJ
RHB000026_C5-
 []


Underfull \hbox (badness 10000) in paragraph at lines 1228--1228
[]\TU/lmtt/m/n/10.95 ## DYE1680:AAACCCACACTGGATT               SJRHB000026_C5 SJ
RHB000026_C5-
 []


Underfull \hbox (badness 10000) in paragraph at lines 1228--1228
[]\TU/lmtt/m/n/10.95 ## DYE1680:AAACCCACAGAAGTGC               SJRHB000026_C5 SJ
RHB000026_C5-
 []


Underfull \hbox (badness 10000) in paragraph at lines 1228--1228
[]\TU/lmtt/m/n/10.95 ## DYE1680:AAACCCAGTAAGAACT               SJRHB000026_C5 SJ
RHB000026_C5-
 []



[18]
Overfull \hbox (317.36444pt too wide) in paragraph at lines 1228--1228
[]\TU/lmtt/m/n/10.95 ##                                                        
                                                      FASTQ_with_sample_swap[] 

 []


Overfull \hbox (248.37946pt too wide) in paragraph at lines 1228--1228
[]\TU/lmtt/m/n/10.95 ## DYE1680:AAACCCAAGAGTCAGC /research/groups/dyergrp/projec
ts/dyergrp_hartwell/common/illumina/dyergrp_311618_10XscRNAseq-
 []


Overfull \hbox (248.37946pt too wide) in paragraph at lines 1228--1228
[]\TU/lmtt/m/n/10.95 ## DYE1680:AAACCCAAGATACCAA /research/groups/dyergrp/projec
ts/dyergrp_hartwell/common/illumina/dyergrp_311618_10XscRNAseq-
 []


Overfull \hbox (248.37946pt too wide) in paragraph at lines 1228--1228
[]\TU/lmtt/m/n/10.95 ## DYE1680:AAACCCAAGCTTCTAG /research/groups/dyergrp/projec
ts/dyergrp_hartwell/common/illumina/dyergrp_311618_10XscRNAseq-
 []


Overfull \hbox (248.37946pt too wide) in paragraph at lines 1228--1228
[]\TU/lmtt/m/n/10.95 ## DYE1680:AAACCCACACTGGATT /research/groups/dyergrp/projec
ts/dyergrp_hartwell/common/illumina/dyergrp_311618_10XscRNAseq-
 []


Overfull \hbox (248.37946pt too wide) in paragraph at lines 1228--1228
[]\TU/lmtt/m/n/10.95 ## DYE1680:AAACCCACAGAAGTGC /research/groups/dyergrp/projec
ts/dyergrp_hartwell/common/illumina/dyergrp_311618_10XscRNAseq-
 []


Overfull \hbox (248.37946pt too wide) in paragraph at lines 1228--1228
[]\TU/lmtt/m/n/10.95 ## DYE1680:AAACCCAGTAAGAACT /research/groups/dyergrp/projec
ts/dyergrp_hartwell/common/illumina/dyergrp_311618_10XscRNAseq-
 []


Overfull \hbox (1.18326pt too wide) in paragraph at lines 1228--1228
[]\TU/lmtt/m/n/10.95 ##                               PC_1        PC_2     PC_3      PC_4       PC_5[] 
 []


Overfull \hbox (1.18326pt too wide) in paragraph at lines 1228--1228
[]\TU/lmtt/m/n/10.95 ## DYE1680:AAACCCAAGAGTCAGC -16.39490 -0.06040939 8.992026 -5.282849  2.5461725[] 
 []


Overfull \hbox (1.18326pt too wide) in paragraph at lines 1228--1228
[]\TU/lmtt/m/n/10.95 ## DYE1680:AAACCCAAGATACCAA -16.64311 -0.38841290 8.531777 -4.574383 -0.1577565[] 
 []


Overfull \hbox (1.18326pt too wide) in paragraph at lines 1228--1228
[]\TU/lmtt/m/n/10.95 ## DYE1680:AAACCCAAGCTTCTAG -17.02470 -0.26009097 9.657486 -4.846276  2.6670944[] 
 []


Overfull \hbox (1.18326pt too wide) in paragraph at lines 1228--1228
[]\TU/lmtt/m/n/10.95 ## DYE1680:AAACCCACACTGGATT -15.89784  0.65302425 9.408316 -4.259913 -0.3211939[] 
 []


Overfull \hbox (1.18326pt too wide) in paragraph at lines 1228--1228
[]\TU/lmtt/m/n/10.95 ## DYE1680:AAACCCACAGAAGTGC -15.76642  0.20835809 7.609702 -3.459250  2.9684272[] 
 []


Overfull \hbox (1.18326pt too wide) in paragraph at lines 1228--1228
[]\TU/lmtt/m/n/10.95 ## DYE1680:AAACCCAGTAAGAACT -11.64230  1.66521080 7.193732 -2.240468  2.9785559[] 
 []



[19]
Overfull \hbox (6.932pt too wide) in paragraph at lines 1228--1228
[]\TU/lmtt/m/n/10.95 ##                               PC_10      PC_11      PC_1
2     PC_13     PC_14[] 
 []


Overfull \hbox (6.932pt too wide) in paragraph at lines 1228--1228
[]\TU/lmtt/m/n/10.95 ## DYE1680:AAACCCAAGAGTCAGC  0.4089495  0.5652035 -0.380682
2 -1.011628 1.4937597[] 
 []


Overfull \hbox (6.932pt too wide) in paragraph at lines 1228--1228
[]\TU/lmtt/m/n/10.95 ## DYE1680:AAACCCAAGATACCAA  1.9618030  1.2614855  1.091230
1 -1.861864 2.1052791[] 
 []


Overfull \hbox (6.932pt too wide) in paragraph at lines 1228--1228
[]\TU/lmtt/m/n/10.95 ## DYE1680:AAACCCAAGCTTCTAG  2.0010723  0.1003519  0.431929
0 -2.877628 3.0628591[] 
 []


Overfull \hbox (6.932pt too wide) in paragraph at lines 1228--1228
[]\TU/lmtt/m/n/10.95 ## DYE1680:AAACCCACACTGGATT  1.5921441 -1.2365924 -0.728586
6 -2.319632 2.5677598[] 
 []


Overfull \hbox (6.932pt too wide) in paragraph at lines 1228--1228
[]\TU/lmtt/m/n/10.95 ## DYE1680:AAACCCACAGAAGTGC  0.7336166  0.9973878  0.611097
2 -1.937815 0.2880151[] 
 []


Overfull \hbox (6.932pt too wide) in paragraph at lines 1228--1228
[]\TU/lmtt/m/n/10.95 ## DYE1680:AAACCCAGTAAGAACT -1.4764380 -1.9228858 -3.148788
9  2.355300 0.5375213[] 
 []


Overfull \hbox (18.4295pt too wide) in paragraph at lines 1228--1228
[]\TU/lmtt/m/n/10.95 ##                               PC_19     PC_20      PC_21
      PC_22       PC_23[] 
 []


Underfull \hbox (badness 10000) in paragraph at lines 1228--1228
[]\TU/lmtt/m/n/10.95 ## DYE1680:AAACCCAAGAGTCAGC  2.8967472  2.553915 -1.1964531
 -1.7446081 -
 []


Overfull \hbox (18.4295pt too wide) in paragraph at lines 1228--1228
[]\TU/lmtt/m/n/10.95 ## DYE1680:AAACCCAAGATACCAA -0.1098369  1.302813  0.5558706
  0.5823816  0.36094618[] 
 []


Overfull \hbox (18.4295pt too wide) in paragraph at lines 1228--1228
[]\TU/lmtt/m/n/10.95 ## DYE1680:AAACCCAAGCTTCTAG  1.0072936  1.547666 -0.3104649
 -0.8433231  0.18960913[] 
 []


Overfull \hbox (18.4295pt too wide) in paragraph at lines 1228--1228
[]\TU/lmtt/m/n/10.95 ## DYE1680:AAACCCACACTGGATT  1.3088686  1.924711 -1.7640707
 -2.5096479  0.08471221[] 
 []


Overfull \hbox (18.4295pt too wide) in paragraph at lines 1228--1228
[]\TU/lmtt/m/n/10.95 ## DYE1680:AAACCCACAGAAGTGC -0.5978964 -2.268368  0.8100166
  0.8282191  0.05591339[] 
 []


Underfull \hbox (badness 10000) in paragraph at lines 1228--1228
[]\TU/lmtt/m/n/10.95 ## DYE1680:AAACCCAGTAAGAACT -0.9768113  0.543290  0.8136991
  2.9906515 -
 []


Overfull \hbox (18.4295pt too wide) in paragraph at lines 1228--1228
[]\TU/lmtt/m/n/10.95 ##                                PC_24      PC_25     PC_2
6       PC_27     PC_28[] 
 []


Overfull \hbox (18.4295pt too wide) in paragraph at lines 1228--1228
[]\TU/lmtt/m/n/10.95 ## DYE1680:AAACCCAAGAGTCAGC  0.26184242  0.2345830  2.53517
7  0.55438094  5.646553[] 
 []


Underfull \hbox (badness 10000) in paragraph at lines 1228--1228
[]\TU/lmtt/m/n/10.95 ## DYE1680:AAACCCAAGATACCAA  0.07283511 -2.0171602 -2.48032
7 -0.14655514 -
 []


Overfull \hbox (18.4295pt too wide) in paragraph at lines 1228--1228
[]\TU/lmtt/m/n/10.95 ## DYE1680:AAACCCAAGCTTCTAG  0.51470577 -1.2350765  1.24819
0  1.13687684  2.915157[] 
 []


Overfull \hbox (18.4295pt too wide) in paragraph at lines 1228--1228
[]\TU/lmtt/m/n/10.95 ## DYE1680:AAACCCACACTGGATT  0.20947787 -1.5374189  2.78005
5  0.00924215  2.388767[] 
 []


Underfull \hbox (badness 10000) in paragraph at lines 1228--1228
[]\TU/lmtt/m/n/10.95 ## DYE1680:AAACCCACAGAAGTGC  0.60514027 -0.2262589 -1.14925
7  2.78306784 -
 []


Underfull \hbox (badness 10000) in paragraph at lines 1228--1228
[]\TU/lmtt/m/n/10.95 ## DYE1680:AAACCCAGTAAGAACT -0.59741445  5.0010707 -0.74639
2 -1.64070414 -
 []



[20]
Overfull \hbox (317.36444pt too wide) in paragraph at lines 1228--1228
[]\TU/lmtt/m/n/10.95 ##                                                        
                                                                     FASTQ.1[] 

 []


Overfull \hbox (248.37946pt too wide) in paragraph at lines 1228--1228
[]\TU/lmtt/m/n/10.95 ## DYE1680:AAACCCAAGAGTCAGC /research/groups/dyergrp/projec
ts/dyergrp_hartwell/common/illumina/dyergrp_311618_10XscRNAseq-
 []


Overfull \hbox (248.37946pt too wide) in paragraph at lines 1228--1228
[]\TU/lmtt/m/n/10.95 ## DYE1680:AAACCCAAGATACCAA /research/groups/dyergrp/projec
ts/dyergrp_hartwell/common/illumina/dyergrp_311618_10XscRNAseq-
 []


Overfull \hbox (248.37946pt too wide) in paragraph at lines 1228--1228
[]\TU/lmtt/m/n/10.95 ## DYE1680:AAACCCAAGCTTCTAG /research/groups/dyergrp/projec
ts/dyergrp_hartwell/common/illumina/dyergrp_311618_10XscRNAseq-
 []


Overfull \hbox (248.37946pt too wide) in paragraph at lines 1228--1228
[]\TU/lmtt/m/n/10.95 ## DYE1680:AAACCCACACTGGATT /research/groups/dyergrp/projec
ts/dyergrp_hartwell/common/illumina/dyergrp_311618_10XscRNAseq-
 []


Overfull \hbox (248.37946pt too wide) in paragraph at lines 1228--1228
[]\TU/lmtt/m/n/10.95 ## DYE1680:AAACCCACAGAAGTGC /research/groups/dyergrp/projec
ts/dyergrp_hartwell/common/illumina/dyergrp_311618_10XscRNAseq-
 []


Overfull \hbox (248.37946pt too wide) in paragraph at lines 1228--1228
[]\TU/lmtt/m/n/10.95 ## DYE1680:AAACCCAGTAAGAACT /research/groups/dyergrp/projec
ts/dyergrp_hartwell/common/illumina/dyergrp_311618_10XscRNAseq-
 []


Overfull \hbox (12.68076pt too wide) in paragraph at lines 1228--1228
[]\TU/lmtt/m/n/10.95 ##                          Subject_Disease_Code.1 Subject_
Disease_Subtype_Code.1[] 
 []


Overfull \hbox (12.68076pt too wide) in paragraph at lines 1228--1228
[]\TU/lmtt/m/n/10.95 ## DYE1680:AAACCCAAGAGTCAGC                    RMS        
                   ERMS[] 
 []


Overfull \hbox (12.68076pt too wide) in paragraph at lines 1228--1228
[]\TU/lmtt/m/n/10.95 ## DYE1680:AAACCCAAGATACCAA                    RMS        
                   ERMS[] 
 []


Overfull \hbox (12.68076pt too wide) in paragraph at lines 1228--1228
[]\TU/lmtt/m/n/10.95 ## DYE1680:AAACCCAAGCTTCTAG                    RMS        
                   ERMS[] 
 []


Overfull \hbox (12.68076pt too wide) in paragraph at lines 1228--1228
[]\TU/lmtt/m/n/10.95 ## DYE1680:AAACCCACACTGGATT                    RMS        
                   ERMS[] 
 []


Overfull \hbox (12.68076pt too wide) in paragraph at lines 1228--1228
[]\TU/lmtt/m/n/10.95 ## DYE1680:AAACCCACAGAAGTGC                    RMS        
                   ERMS[] 
 []


Overfull \hbox (12.68076pt too wide) in paragraph at lines 1228--1228
[]\TU/lmtt/m/n/10.95 ## DYE1680:AAACCCAGTAAGAACT                    RMS        
                   ERMS[] 
 []



[21]
Overfull \hbox (259.87695pt too wide) in paragraph at lines 1228--1228
[]\TU/lmtt/m/n/10.95 ##                                                        
                                                       FASTQ_old.1[] 
 []


Overfull \hbox (248.37946pt too wide) in paragraph at lines 1228--1228
[]\TU/lmtt/m/n/10.95 ## DYE1680:AAACCCAAGAGTCAGC /research/groups/dyergrp/projec
ts/dyergrp_hartwell/common/illumina/dyergrp_841877_10XscRNAseq-
 []


Overfull \hbox (248.37946pt too wide) in paragraph at lines 1228--1228
[]\TU/lmtt/m/n/10.95 ## DYE1680:AAACCCAAGATACCAA /research/groups/dyergrp/projec
ts/dyergrp_hartwell/common/illumina/dyergrp_841877_10XscRNAseq-
 []


Overfull \hbox (248.37946pt too wide) in paragraph at lines 1228--1228
[]\TU/lmtt/m/n/10.95 ## DYE1680:AAACCCAAGCTTCTAG /research/groups/dyergrp/projec
ts/dyergrp_hartwell/common/illumina/dyergrp_841877_10XscRNAseq-
 []


Overfull \hbox (248.37946pt too wide) in paragraph at lines 1228--1228
[]\TU/lmtt/m/n/10.95 ## DYE1680:AAACCCACACTGGATT /research/groups/dyergrp/projec
ts/dyergrp_hartwell/common/illumina/dyergrp_841877_10XscRNAseq-
 []


Overfull \hbox (248.37946pt too wide) in paragraph at lines 1228--1228
[]\TU/lmtt/m/n/10.95 ## DYE1680:AAACCCACAGAAGTGC /research/groups/dyergrp/projec
ts/dyergrp_hartwell/common/illumina/dyergrp_841877_10XscRNAseq-
 []


Overfull \hbox (248.37946pt too wide) in paragraph at lines 1228--1228
[]\TU/lmtt/m/n/10.95 ## DYE1680:AAACCCAGTAAGAACT /research/groups/dyergrp/projec
ts/dyergrp_hartwell/common/illumina/dyergrp_841877_10XscRNAseq-
 []



[22]
Overfull \hbox (6.932pt too wide) in paragraph at lines 1228--1228
[]\TU/lmtt/m/n/10.95 ##                          Prior_Comp_Bio_ID.1 PATH.1 NOTE
S.1 match_SJID_RPMI.1[] 
 []


Overfull \hbox (6.932pt too wide) in paragraph at lines 1228--1228
[]\TU/lmtt/m/n/10.95 ## DYE1680:AAACCCAAGAGTCAGC         SJRHB000026   <NA>    
  NA    SJRHB000026_no[] 
 []


Overfull \hbox (6.932pt too wide) in paragraph at lines 1228--1228
[]\TU/lmtt/m/n/10.95 ## DYE1680:AAACCCAAGATACCAA         SJRHB000026   <NA>    
  NA    SJRHB000026_no[] 
 []


Overfull \hbox (6.932pt too wide) in paragraph at lines 1228--1228
[]\TU/lmtt/m/n/10.95 ## DYE1680:AAACCCAAGCTTCTAG         SJRHB000026   <NA>    
  NA    SJRHB000026_no[] 
 []


Overfull \hbox (6.932pt too wide) in paragraph at lines 1228--1228
[]\TU/lmtt/m/n/10.95 ## DYE1680:AAACCCACACTGGATT         SJRHB000026   <NA>    
  NA    SJRHB000026_no[] 
 []


Overfull \hbox (6.932pt too wide) in paragraph at lines 1228--1228
[]\TU/lmtt/m/n/10.95 ## DYE1680:AAACCCACAGAAGTGC         SJRHB000026   <NA>    
  NA    SJRHB000026_no[] 
 []


Overfull \hbox (6.932pt too wide) in paragraph at lines 1228--1228
[]\TU/lmtt/m/n/10.95 ## DYE1680:AAACCCAGTAAGAACT         SJRHB000026   <NA>    
  NA    SJRHB000026_no[] 
 []



[23]
Overfull \hbox (317.36444pt too wide) in paragraph at lines 1228--1228
[]\TU/lmtt/m/n/10.95 ##                                                        
                                                    FASTQ_with_sample_swap.1[] 

 []


Overfull \hbox (248.37946pt too wide) in paragraph at lines 1228--1228
[]\TU/lmtt/m/n/10.95 ## DYE1680:AAACCCAAGAGTCAGC /research/groups/dyergrp/projec
ts/dyergrp_hartwell/common/illumina/dyergrp_311618_10XscRNAseq-
 []


Overfull \hbox (248.37946pt too wide) in paragraph at lines 1228--1228
[]\TU/lmtt/m/n/10.95 ## DYE1680:AAACCCAAGATACCAA /research/groups/dyergrp/projec
ts/dyergrp_hartwell/common/illumina/dyergrp_311618_10XscRNAseq-
 []


Overfull \hbox (248.37946pt too wide) in paragraph at lines 1228--1228
[]\TU/lmtt/m/n/10.95 ## DYE1680:AAACCCAAGCTTCTAG /research/groups/dyergrp/projec
ts/dyergrp_hartwell/common/illumina/dyergrp_311618_10XscRNAseq-
 []


Overfull \hbox (248.37946pt too wide) in paragraph at lines 1228--1228
[]\TU/lmtt/m/n/10.95 ## DYE1680:AAACCCACACTGGATT /research/groups/dyergrp/projec
ts/dyergrp_hartwell/common/illumina/dyergrp_311618_10XscRNAseq-
 []


Overfull \hbox (248.37946pt too wide) in paragraph at lines 1228--1228
[]\TU/lmtt/m/n/10.95 ## DYE1680:AAACCCACAGAAGTGC /research/groups/dyergrp/projec
ts/dyergrp_hartwell/common/illumina/dyergrp_311618_10XscRNAseq-
 []


Overfull \hbox (248.37946pt too wide) in paragraph at lines 1228--1228
[]\TU/lmtt/m/n/10.95 ## DYE1680:AAACCCAGTAAGAACT /research/groups/dyergrp/projec
ts/dyergrp_hartwell/common/illumina/dyergrp_311618_10XscRNAseq-
 []


Overfull \hbox (1.18326pt too wide) in paragraph at lines 1228--1228
[]\TU/lmtt/m/n/10.95 ##                             PC_1.x      PC_2.x   PC_3.x    PC_4.x     PC_5.x[] 
 []


Overfull \hbox (1.18326pt too wide) in paragraph at lines 1228--1228
[]\TU/lmtt/m/n/10.95 ## DYE1680:AAACCCAAGAGTCAGC -16.39490 -0.06040939 8.992026 -5.282849  2.5461725[] 
 []


Overfull \hbox (1.18326pt too wide) in paragraph at lines 1228--1228
[]\TU/lmtt/m/n/10.95 ## DYE1680:AAACCCAAGATACCAA -16.64311 -0.38841290 8.531777 -4.574383 -0.1577565[] 
 []


Overfull \hbox (1.18326pt too wide) in paragraph at lines 1228--1228
[]\TU/lmtt/m/n/10.95 ## DYE1680:AAACCCAAGCTTCTAG -17.02470 -0.26009097 9.657486 -4.846276  2.6670944[] 
 []


Overfull \hbox (1.18326pt too wide) in paragraph at lines 1228--1228
[]\TU/lmtt/m/n/10.95 ## DYE1680:AAACCCACACTGGATT -15.89784  0.65302425 9.408316 -4.259913 -0.3211939[] 
 []


Overfull \hbox (1.18326pt too wide) in paragraph at lines 1228--1228
[]\TU/lmtt/m/n/10.95 ## DYE1680:AAACCCACAGAAGTGC -15.76642  0.20835809 7.609702 -3.459250  2.9684272[] 
 []


Overfull \hbox (1.18326pt too wide) in paragraph at lines 1228--1228
[]\TU/lmtt/m/n/10.95 ## DYE1680:AAACCCAGTAAGAACT -11.64230  1.66521080 7.193732 -2.240468  2.9785559[] 
 []


Overfull \hbox (6.932pt too wide) in paragraph at lines 1228--1228
[]\TU/lmtt/m/n/10.95 ##                             PC_10.x    PC_11.x    PC_12.
x   PC_13.x   PC_14.x[] 
 []


Overfull \hbox (6.932pt too wide) in paragraph at lines 1228--1228
[]\TU/lmtt/m/n/10.95 ## DYE1680:AAACCCAAGAGTCAGC  0.4089495  0.5652035 -0.380682
2 -1.011628 1.4937597[] 
 []


Overfull \hbox (6.932pt too wide) in paragraph at lines 1228--1228
[]\TU/lmtt/m/n/10.95 ## DYE1680:AAACCCAAGATACCAA  1.9618030  1.2614855  1.091230
1 -1.861864 2.1052791[] 
 []


Overfull \hbox (6.932pt too wide) in paragraph at lines 1228--1228
[]\TU/lmtt/m/n/10.95 ## DYE1680:AAACCCAAGCTTCTAG  2.0010723  0.1003519  0.431929
0 -2.877628 3.0628591[] 
 []


Overfull \hbox (6.932pt too wide) in paragraph at lines 1228--1228
[]\TU/lmtt/m/n/10.95 ## DYE1680:AAACCCACACTGGATT  1.5921441 -1.2365924 -0.728586
6 -2.319632 2.5677598[] 
 []


Overfull \hbox (6.932pt too wide) in paragraph at lines 1228--1228
[]\TU/lmtt/m/n/10.95 ## DYE1680:AAACCCACAGAAGTGC  0.7336166  0.9973878  0.611097
2 -1.937815 0.2880151[] 
 []


Overfull \hbox (6.932pt too wide) in paragraph at lines 1228--1228
[]\TU/lmtt/m/n/10.95 ## DYE1680:AAACCCAGTAAGAACT -1.4764380 -1.9228858 -3.148788
9  2.355300 0.5375213[] 
 []


Overfull \hbox (18.4295pt too wide) in paragraph at lines 1228--1228
[]\TU/lmtt/m/n/10.95 ##                             PC_19.x   PC_20.x    PC_21.x
    PC_22.x     PC_23.x[] 
 []



[24]
Underfull \hbox (badness 10000) in paragraph at lines 1228--1228
[]\TU/lmtt/m/n/10.95 ## DYE1680:AAACCCAAGAGTCAGC  2.8967472  2.553915 -1.1964531
 -1.7446081 -
 []


Overfull \hbox (18.4295pt too wide) in paragraph at lines 1228--1228
[]\TU/lmtt/m/n/10.95 ## DYE1680:AAACCCAAGATACCAA -0.1098369  1.302813  0.5558706
  0.5823816  0.36094618[] 
 []


Overfull \hbox (18.4295pt too wide) in paragraph at lines 1228--1228
[]\TU/lmtt/m/n/10.95 ## DYE1680:AAACCCAAGCTTCTAG  1.0072936  1.547666 -0.3104649
 -0.8433231  0.18960913[] 
 []


Overfull \hbox (18.4295pt too wide) in paragraph at lines 1228--1228
[]\TU/lmtt/m/n/10.95 ## DYE1680:AAACCCACACTGGATT  1.3088686  1.924711 -1.7640707
 -2.5096479  0.08471221[] 
 []


Overfull \hbox (18.4295pt too wide) in paragraph at lines 1228--1228
[]\TU/lmtt/m/n/10.95 ## DYE1680:AAACCCACAGAAGTGC -0.5978964 -2.268368  0.8100166
  0.8282191  0.05591339[] 
 []


Underfull \hbox (badness 10000) in paragraph at lines 1228--1228
[]\TU/lmtt/m/n/10.95 ## DYE1680:AAACCCAGTAAGAACT -0.9768113  0.543290  0.8136991
  2.9906515 -
 []


Overfull \hbox (18.4295pt too wide) in paragraph at lines 1228--1228
[]\TU/lmtt/m/n/10.95 ##                              PC_24.x    PC_25.x   PC_26.
x     PC_27.x   PC_28.x[] 
 []


Overfull \hbox (18.4295pt too wide) in paragraph at lines 1228--1228
[]\TU/lmtt/m/n/10.95 ## DYE1680:AAACCCAAGAGTCAGC  0.26184242  0.2345830  2.53517
7  0.55438094  5.646553[] 
 []


Underfull \hbox (badness 10000) in paragraph at lines 1228--1228
[]\TU/lmtt/m/n/10.95 ## DYE1680:AAACCCAAGATACCAA  0.07283511 -2.0171602 -2.48032
7 -0.14655514 -
 []


Overfull \hbox (18.4295pt too wide) in paragraph at lines 1228--1228
[]\TU/lmtt/m/n/10.95 ## DYE1680:AAACCCAAGCTTCTAG  0.51470577 -1.2350765  1.24819
0  1.13687684  2.915157[] 
 []


Overfull \hbox (18.4295pt too wide) in paragraph at lines 1228--1228
[]\TU/lmtt/m/n/10.95 ## DYE1680:AAACCCACACTGGATT  0.20947787 -1.5374189  2.78005
5  0.00924215  2.388767[] 
 []


Underfull \hbox (badness 10000) in paragraph at lines 1228--1228
[]\TU/lmtt/m/n/10.95 ## DYE1680:AAACCCACAGAAGTGC  0.60514027 -0.2262589 -1.14925
7  2.78306784 -
 []


Underfull \hbox (badness 10000) in paragraph at lines 1228--1228
[]\TU/lmtt/m/n/10.95 ## DYE1680:AAACCCAGTAAGAACT -0.59741445  5.0010707 -0.74639
2 -1.64070414 -
 []


Overfull \hbox (12.68076pt too wide) in paragraph at lines 1228--1228
[]\TU/lmtt/m/n/10.95 ##                            UMAP_2.y    PC_1.y     PC_2.y
     PC_3.y     PC_4.y[] 
 []


Overfull \hbox (12.68076pt too wide) in paragraph at lines 1228--1228
[]\TU/lmtt/m/n/10.95 ## DYE1680:AAACCCAAGAGTCAGC  2.8551131 -14.99294  -9.743418
 -7.6353402  2.9332377[] 
 []


Underfull \hbox (badness 10000) in paragraph at lines 1228--1228
[]\TU/lmtt/m/n/10.95 ## DYE1680:AAACCCAAGATACCAA -1.0893938 -16.71809  -5.952063
 -0.3889715 -
 []


Underfull \hbox (badness 10000) in paragraph at lines 1228--1228
[]\TU/lmtt/m/n/10.95 ## DYE1680:AAACCCAAGCTTCTAG  1.9250976 -16.03057 -11.262267
 -6.1506574 -
 []


Overfull \hbox (12.68076pt too wide) in paragraph at lines 1228--1228
[]\TU/lmtt/m/n/10.95 ## DYE1680:AAACCCACACTGGATT  3.0762058 -17.07094  -3.207242
  1.5985109  5.3802679[] 
 []


Underfull \hbox (badness 10000) in paragraph at lines 1228--1228
[]\TU/lmtt/m/n/10.95 ## DYE1680:AAACCCACAGAAGTGC -0.1735911 -14.15228 -13.241235
 -7.0030156 -
 []


Underfull \hbox (badness 10000) in paragraph at lines 1228--1228
[]\TU/lmtt/m/n/10.95 ## DYE1680:AAACCCAGTAAGAACT -0.7314588 -11.74029 -10.606897
 -1.1069191 -
 []



[25]
Overfull \hbox (18.4295pt too wide) in paragraph at lines 1228--1228
[]\TU/lmtt/m/n/10.95 ##                             PC_17.y     PC_18.y    PC_19
.y    PC_20.y   PC_21.y[] 
 []


Overfull \hbox (18.4295pt too wide) in paragraph at lines 1228--1228
[]\TU/lmtt/m/n/10.95 ## DYE1680:AAACCCAAGAGTCAGC  3.6541063 -2.11460651  2.02789
77 -2.9440294  3.754152[] 
 []


Underfull \hbox (badness 10000) in paragraph at lines 1228--1228
[]\TU/lmtt/m/n/10.95 ## DYE1680:AAACCCAAGATACCAA -5.8508662  3.73510922  0.27702
61  1.1128306 -
 []


Underfull \hbox (badness 10000) in paragraph at lines 1228--1228
[]\TU/lmtt/m/n/10.95 ## DYE1680:AAACCCAAGCTTCTAG  3.0695968 -0.08425802 -0.51176
08 -0.9633634 -
 []


Overfull \hbox (18.4295pt too wide) in paragraph at lines 1228--1228
[]\TU/lmtt/m/n/10.95 ## DYE1680:AAACCCACACTGGATT -0.8068963  3.14229130  1.11955
03 -1.9697480  4.291697[] 
 []


Underfull \hbox (badness 10000) in paragraph at lines 1228--1228
[]\TU/lmtt/m/n/10.95 ## DYE1680:AAACCCACAGAAGTGC -0.0953835  4.10963963 -3.97933
33 -1.6880893 -
 []


Overfull \hbox (18.4295pt too wide) in paragraph at lines 1228--1228
[]\TU/lmtt/m/n/10.95 ## DYE1680:AAACCCAGTAAGAACT -6.5586051 -5.22702710 -1.40719
59 -4.2818247  5.603335[] 
 []


Overfull \hbox (18.4295pt too wide) in paragraph at lines 1228--1228
[]\TU/lmtt/m/n/10.95 ##                             PC_22.y    PC_23.y    PC_24.
y    PC_25.y    PC_26.y[] 
 []


Overfull \hbox (18.4295pt too wide) in paragraph at lines 1228--1228
[]\TU/lmtt/m/n/10.95 ## DYE1680:AAACCCAAGAGTCAGC  1.9816658  3.7540959  0.105346
4 -4.3349781  0.4235789[] 
 []


Underfull \hbox (badness 10000) in paragraph at lines 1228--1228
[]\TU/lmtt/m/n/10.95 ## DYE1680:AAACCCAAGATACCAA -1.1717716  2.0221170 -2.626133
9  2.1426604 -
 []


Underfull \hbox (badness 10000) in paragraph at lines 1228--1228
[]\TU/lmtt/m/n/10.95 ## DYE1680:AAACCCAAGCTTCTAG  2.2979075  1.7908833 -1.034372
2 -0.1068329 -
 []


Overfull \hbox (18.4295pt too wide) in paragraph at lines 1228--1228
[]\TU/lmtt/m/n/10.95 ## DYE1680:AAACCCACACTGGATT -0.8560660  4.5850100 -2.860956
1 -2.7089397  1.4632763[] 
 []


Underfull \hbox (badness 10000) in paragraph at lines 1228--1228
[]\TU/lmtt/m/n/10.95 ## DYE1680:AAACCCACAGAAGTGC  0.5550594 -0.6072706  0.196701
8  0.5439947 -
 []


Underfull \hbox (badness 10000) in paragraph at lines 1228--1228
[]\TU/lmtt/m/n/10.95 ## DYE1680:AAACCCAGTAAGAACT -0.8642200 -4.6408268 -0.944140
0 -0.5417910 -
 []



[26]

[27]
</research_jude/rgs01_jude/dept/DNB/core_operations/Bioinformatics/dyergrp/Chro
ni_A/Patel_etal_3D2D/analyses/rshiny-app-cclf-cell-lines/plots/03-cluster-cell-
calling/RMS/Report-cluster-cell-calling-default_multiple-2025-07-16_files/figur
e-latex/nba-overlay-1.pdf, id=659, 1084.05pt x 1445.4pt>
File: /research_jude/rgs01_jude/dept/DNB/core_operations/Bioinformatics/dyergrp
/Chroni_A/Patel_etal_3D2D/analyses/rshiny-app-cclf-cell-lines/plots/03-cluster-
cell-calling/RMS/Report-cluster-cell-calling-default_multiple-2025-07-16_files/
figure-latex/nba-overlay-1.pdf Graphic file (type pdf)
<use /research_jude/rgs01_jude/dept/DNB/core_operations/Bioinformatics/dyergrp/
Chroni_A/Patel_etal_3D2D/analyses/rshiny-app-cclf-cell-lines/plots/03-cluster-c
ell-calling/RMS/Report-cluster-cell-calling-default_multiple-2025-07-16_files/f
igure-latex/nba-overlay-1.pdf>
Package luatex.def Info: /research_jude/rgs01_jude/dept/DNB/core_operations/Bio
informatics/dyergrp/Chroni_A/Patel_etal_3D2D/analyses/rshiny-app-cclf-cell-line
s/plots/03-cluster-cell-calling/RMS/Report-cluster-cell-calling-default_multipl
e-2025-07-16_files/figure-latex/nba-overlay-1.pdf  used on input line 1304.
(luatex.def)             Requested size: 452.96558pt x 603.95412pt.


[28]
</research_jude/rgs01_jude/dept/DNB/core_operations/Bioinformatics/dyergrp/Chro
ni_A/Patel_etal_3D2D/analyses/rshiny-app-cclf-cell-lines/plots/03-cluster-cell-
calling/RMS/Report-cluster-cell-calling-default_multiple-2025-07-16_files/figur
e-latex/nba-overlay-2.pdf, id=668, 1084.05pt x 1445.4pt>
File: /research_jude/rgs01_jude/dept/DNB/core_operations/Bioinformatics/dyergrp
/Chroni_A/Patel_etal_3D2D/analyses/rshiny-app-cclf-cell-lines/plots/03-cluster-
cell-calling/RMS/Report-cluster-cell-calling-default_multiple-2025-07-16_files/
figure-latex/nba-overlay-2.pdf Graphic file (type pdf)
<use /research_jude/rgs01_jude/dept/DNB/core_operations/Bioinformatics/dyergrp/
Chroni_A/Patel_etal_3D2D/analyses/rshiny-app-cclf-cell-lines/plots/03-cluster-c
ell-calling/RMS/Report-cluster-cell-calling-default_multiple-2025-07-16_files/f
igure-latex/nba-overlay-2.pdf>
Package luatex.def Info: /research_jude/rgs01_jude/dept/DNB/core_operations/Bio
informatics/dyergrp/Chroni_A/Patel_etal_3D2D/analyses/rshiny-app-cclf-cell-line
s/plots/03-cluster-cell-calling/RMS/Report-cluster-cell-calling-default_multipl
e-2025-07-16_files/figure-latex/nba-overlay-2.pdf  used on input line 1311.
(luatex.def)             Requested size: 452.96558pt x 603.95412pt.


[29</research_jude/rgs01_jude/dept/DNB/core_operations/Bioinformatics/dyergrp/Ch
roni_A/Patel_etal_3D2D/analyses/rshiny-app-cclf-cell-lines/plots/03-cluster-cell
-calling/RMS/Report-cluster-cell-calling-default_multiple-2025-07-16_files/figur
e-latex/nba-overlay-1.pdf>]
</research_jude/rgs01_jude/dept/DNB/core_operations/Bioinformatics/dyergrp/Chro
ni_A/Patel_etal_3D2D/analyses/rshiny-app-cclf-cell-lines/plots/03-cluster-cell-
calling/RMS/Report-cluster-cell-calling-default_multiple-2025-07-16_files/figur
e-latex/nba-overlay-3.pdf, id=848, 1084.05pt x 1445.4pt>
File: /research_jude/rgs01_jude/dept/DNB/core_operations/Bioinformatics/dyergrp
/Chroni_A/Patel_etal_3D2D/analyses/rshiny-app-cclf-cell-lines/plots/03-cluster-
cell-calling/RMS/Report-cluster-cell-calling-default_multiple-2025-07-16_files/
figure-latex/nba-overlay-3.pdf Graphic file (type pdf)
<use /research_jude/rgs01_jude/dept/DNB/core_operations/Bioinformatics/dyergrp/
Chroni_A/Patel_etal_3D2D/analyses/rshiny-app-cclf-cell-lines/plots/03-cluster-c
ell-calling/RMS/Report-cluster-cell-calling-default_multiple-2025-07-16_files/f
igure-latex/nba-overlay-3.pdf>
Package luatex.def Info: /research_jude/rgs01_jude/dept/DNB/core_operations/Bio
informatics/dyergrp/Chroni_A/Patel_etal_3D2D/analyses/rshiny-app-cclf-cell-line
s/plots/03-cluster-cell-calling/RMS/Report-cluster-cell-calling-default_multipl
e-2025-07-16_files/figure-latex/nba-overlay-3.pdf  used on input line 1318.
(luatex.def)             Requested size: 452.96558pt x 603.95412pt.


[30</research_jude/rgs01_jude/dept/DNB/core_operations/Bioinformatics/dyergrp/Ch
roni_A/Patel_etal_3D2D/analyses/rshiny-app-cclf-cell-lines/plots/03-cluster-cell
-calling/RMS/Report-cluster-cell-calling-default_multiple-2025-07-16_files/figur
e-latex/nba-overlay-2.pdf>]
Underfull \vbox (badness 10000) detected at line 1333
 []



[31</research_jude/rgs01_jude/dept/DNB/core_operations/Bioinformatics/dyergrp/Ch
roni_A/Patel_etal_3D2D/analyses/rshiny-app-cclf-cell-lines/plots/03-cluster-cell
-calling/RMS/Report-cluster-cell-calling-default_multiple-2025-07-16_files/figur
e-latex/nba-overlay-3.pdf>]

[32]
Overfull \hbox (127.65573pt too wide) in paragraph at lines 1421--1421
[]\TU/lmtt/m/n/10.95 ## LAPACK: /usr/lib/x86_64-linux-gnu/openblas-pthread/libop
enblasp-r0.3.20.so;  LAPACK version 3.10.0[] 
 []



[33]

[34] (./Report-cluster-cell-calling-default_multiple-2025-07-16.aux)
 ***********
LaTeX2e <2024-11-01> patch level 2
L3 programming layer <2025-01-18>
 ***********
)

Here is how much of LuaTeX's memory you used:
 21523 strings out of 475512
 125086,1373583 words of node,token memory allocated
 711 words of node memory still in use:
   7 hlist, 2 vlist, 2 rule, 1 local_par, 15 glue, 4 kern, 1 penalty, 3 glyph, 2
1 attribute, 60 glue_spec, 21 attribute_list, 1 write, 1 user_defined nodes
   avail lists: 2:2238,3:3174,4:227,5:354,6:567,7:9956,8:72,9:787,10:13,11:379
 44032 multiletter control sequences out of 65536+600000
 78 fonts using 24544611 bytes
 90i,15n,114p,1274b,1448s stack positions out of 10000i,1000n,20000p,200000b,200000s
</research/rgs01/applications/hpcf/authorized_apps/rhel8_apps/texlive/install/20
24/texmf-dist/fonts/opentype/public/lm-math/latinmodern-math.otf></research/rgs0
1/applications/hpcf/authorized_apps/rhel8_apps/texlive/install/2024/texmf-dist/f
onts/opentype/public/lm/lmmono10-italic.otf></research/rgs01/applications/hpcf/a
uthorized_apps/rhel8_apps/texlive/install/2024/texmf-dist/fonts/opentype/public/
lm/lmmonolt10-bold.otf></research/rgs01/applications/hpcf/authorized_apps/rhel8_
apps/texlive/install/2024/texmf-dist/fonts/opentype/public/lm/lmroman9-regular.o
tf></research/rgs01/applications/hpcf/authorized_apps/rhel8_apps/texlive/install
/2024/texmf-dist/fonts/opentype/public/lm/lmroman6-regular.otf></research/rgs01/
applications/hpcf/authorized_apps/rhel8_apps/texlive/install/2024/texmf-dist/fon
ts/opentype/public/lm/lmroman8-regular.otf></research/rgs01/applications/hpcf/au
thorized_apps/rhel8_apps/texlive/install/2024/texmf-dist/fonts/opentype/public/l
m/lmroman10-regular.otf></research/rgs01/applications/hpcf/authorized_apps/rhel8
_apps/texlive/install/2024/texmf-dist/fonts/opentype/public/lm/lmmono10-regular.
otf></research/rgs01/applications/hpcf/authorized_apps/rhel8_apps/texlive/instal
l/2024/texmf-dist/fonts/opentype/public/lm/lmroman10-bold.otf></research/rgs01/a
pplications/hpcf/authorized_apps/rhel8_apps/texlive/install/2024/texmf-dist/font
s/opentype/public/lm/lmroman12-bold.otf></research/rgs01/applications/hpcf/autho
rized_apps/rhel8_apps/texlive/install/2024/texmf-dist/fonts/opentype/public/lm/l
mroman12-regular.otf></research/rgs01/applications/hpcf/authorized_apps/rhel8_ap
ps/texlive/install/2024/texmf-dist/fonts/opentype/public/lm/lmroman17-regular.ot
f>
Output written on Report-cluster-cell-calling-default_multiple-2025-07-16.pdf (34 pages, 63805331 bytes).

PDF statistics: 1330 PDF objects out of 1440 (max. 8388607)
 1191 compressed objects within 12 object streams
 57 named destinations out of 1000 (max. 131072)
 81 words of extra memory for PDF output out of 10000 (max. 100000000)

